,Player,PTS,AST,ORB,DRB,TRB,FG,FG%
0,A.J. Hammons,48.0,4.0,8.0,28.0,36.0,17.0,0.405
1,A.J. Price,1656.0,613.0,74.0,335.0,409.0,600.0,3.197
2,Aaron Brooks,7839.0,2485.0,323.0,1037.0,1360.0,2829.0,6.047
3,Aaron Gordon,1981.0,311.0,316.0,765.0,1081.0,760.0,1.3739999999999999
4,Aaron Gray,1235.0,251.0,518.0,889.0,1407.0,509.0,5.595999999999999
5,Aaron Harrison,19.0,5.0,4.0,14.0,18.0,5.0,0.263
6,Aaron McKie,22.0,13.0,1.0,17.0,18.0,11.0,0.647
7,Aaron Williams,144.0,16.0,42.0,104.0,146.0,56.0,1.038
8,Acie Law,1053.0,419.0,48.0,227.0,275.0,379.0,3.725
9,Adam Morrison,1409.0,263.0,100.0,322.0,422.0,547.0,1.8039999999999998
10,Adonal Foyle,297.0,39.0,140.0,246.0,386.0,132.0,2.295
11,Adonis Thomas,28.0,6.0,0.0,6.0,6.0,12.0,1.362
12,Adreian Payne,621.0,96.0,125.0,343.0,468.0,258.0,1.91
13,Adrian Griffin,267.0,113.0,96.0,131.0,227.0,121.0,1.643
14,Al Harrington,9837.0,971.0,864.0,2711.0,3575.0,3631.0,5.063
15,Al Horford,9240.0,1926.0,1472.0,4136.0,5608.0,3923.0,5.311
16,Al Jefferson,13152.0,1263.0,1808.0,5128.0,6936.0,5666.0,5.465000000000001
17,Al Thornton,4855.0,505.0,564.0,1176.0,1740.0,1893.0,3.726
18,Al-Farouq Aminu,3766.0,639.0,727.0,2221.0,2948.0,1398.0,2.9749999999999996
19,Alan Anderson,2214.0,339.0,128.0,516.0,644.0,768.0,2.801
20,Alan Henderson,119.0,10.0,48.0,59.0,107.0,43.0,0.642
21,Alan Williams,375.0,28.0,108.0,222.0,330.0,148.0,0.934
22,Alando Tucker,262.0,20.0,35.0,24.0,59.0,94.0,2.107
23,Alec Burks,3034.0,534.0,205.0,672.0,877.0,1053.0,2.5180000000000002
24,Alex Abrines,406.0,40.0,18.0,68.0,86.0,134.0,0.39299999999999996
25,Alex Acker,144.0,24.0,16.0,32.0,48.0,60.0,1.159
26,Alex Kirk,4.0,1.0,1.0,0.0,1.0,1.0,0.25
27,Alex Len,1834.0,177.0,515.0,1142.0,1657.0,706.0,1.85
28,Alex Poythress,64.0,5.0,11.0,18.0,29.0,25.0,0.46299999999999997
29,Alex Stepheson,44.0,4.0,38.0,18.0,56.0,18.0,1.641
30,Alexander Johnson,439.0,30.0,82.0,193.0,275.0,152.0,1.0259999999999998
31,Alexey Shved,1783.0,566.0,108.0,346.0,454.0,578.0,2.226
32,Alexis Ajinca,1696.0,153.0,363.0,865.0,1228.0,704.0,4.218
33,Allan Ray,290.0,43.0,18.0,51.0,69.0,100.0,0.386
34,Allen Crabbe,1878.0,237.0,54.0,469.0,523.0,689.0,1.7029999999999998
35,Allen Iverson*,8342.0,2314.0,185.0,948.0,1133.0,2842.0,4.474
36,Alonzo Gee,3326.0,504.0,488.0,1148.0,1636.0,1209.0,5.5200000000000005
37,Alonzo Mourning*,810.0,25.0,160.0,283.0,443.0,290.0,1.1070000000000002
38,Alvin Williams,2.0,3.0,1.0,0.0,1.0,0.0,0.0
39,Amar'e Stoudemire,12329.0,806.0,1507.0,3508.0,5015.0,4625.0,6.627
40,Amir Johnson,5539.0,892.0,1549.0,2661.0,4210.0,2332.0,6.316000000000001
41,Anderson Varejao,4214.0,723.0,1355.0,2805.0,4160.0,1679.0,6.258
42,Andray Blatche,5641.0,788.0,1031.0,1955.0,2986.0,2301.0,3.673
43,Andre Barrett,14.0,14.0,1.0,5.0,6.0,6.0,0.9
44,Andre Brown,197.0,11.0,70.0,108.0,178.0,82.0,1.211
45,Andre Dawkins,3.0,1.0,0.0,2.0,2.0,1.0,0.16699999999999998
46,Andre Drummond,5120.0,276.0,1786.0,3160.0,4946.0,2216.0,2.7960000000000003
47,Andre Emmett,13.0,1.0,2.0,4.0,6.0,4.0,0.5710000000000001
48,Andre Iguodala,10935.0,3895.0,735.0,3453.0,4188.0,3930.0,5.121
49,Andre Miller,10049.0,5421.0,857.0,2234.0,3091.0,3866.0,8.723999999999998
50,Andre Owens,123.0,47.0,13.0,34.0,47.0,40.0,0.374
51,Andre Roberson,1162.0,211.0,273.0,729.0,1002.0,476.0,1.903
52,Andrea Bargnani,7873.0,653.0,530.0,2011.0,2541.0,2932.0,4.363
53,Andreas Glyniadakis,17.0,1.0,2.0,6.0,8.0,8.0,0.47100000000000003
54,Andrei Kirilenko,4610.0,1262.0,628.0,1466.0,2094.0,1591.0,3.419
55,Andres Nocioni,4542.0,477.0,250.0,1520.0,1770.0,1607.0,3.263
56,Andrew Bogut,6044.0,1377.0,1583.0,4041.0,5624.0,2666.0,6.311
57,Andrew Bynum,4973.0,510.0,1026.0,2260.0,3286.0,1978.0,4.701999999999999
58,Andrew Goudelock,197.0,24.0,7.0,27.0,34.0,77.0,0.841
59,Andrew Harrison,425.0,198.0,23.0,113.0,136.0,117.0,0.325
60,Andrew Nicholson,1800.0,136.0,203.0,715.0,918.0,751.0,3.0230000000000006
61,Andrew Wiggins,4995.0,523.0,342.0,652.0,994.0,1800.0,1.348
62,Andris Biedrins,2880.0,431.0,1019.0,2211.0,3230.0,1269.0,5.013
63,Andy Rautins,8.0,3.0,0.0,1.0,1.0,3.0,0.429
64,Anfernee Hardaway,60.0,35.0,3.0,32.0,35.0,22.0,0.36700000000000005
65,Antawn Jamison,10272.0,858.0,1144.0,3255.0,4399.0,3851.0,4.359000000000001
66,Anthony Bennett,658.0,77.0,132.0,340.0,472.0,251.0,1.4860000000000002
67,Anthony Brown,201.0,35.0,25.0,111.0,136.0,75.0,1.4549999999999998
68,Anthony Carter,1410.0,1095.0,103.0,529.0,632.0,571.0,3.226
69,Anthony Davis,7497.0,590.0,849.0,2555.0,3404.0,2843.0,2.567
70,Anthony Johnson,2035.0,1189.0,125.0,546.0,671.0,797.0,3.409
71,Anthony Morrow,5762.0,532.0,332.0,944.0,1276.0,2118.0,5.691000000000001
72,Anthony Parker,4347.0,1100.0,228.0,1293.0,1521.0,1611.0,2.6449999999999996
73,Anthony Randolph,2094.0,220.0,378.0,860.0,1238.0,800.0,3.5269999999999997
74,Anthony Roberson,349.0,50.0,14.0,51.0,65.0,132.0,1.463
75,Anthony Tolliver,4226.0,616.0,578.0,1814.0,2392.0,1433.0,4.805
76,Antoine Walker,1028.0,175.0,148.0,359.0,507.0,401.0,0.76
77,Antoine Wright,1894.0,363.0,189.0,609.0,798.0,724.0,2.698
78,Antonio Anderson,2.0,0.0,1.0,0.0,1.0,1.0,0.33299999999999996
79,Antonio Daniels,1774.0,986.0,51.0,462.0,513.0,577.0,2.544
80,Antonio McDyess,2779.0,411.0,825.0,1794.0,2619.0,1219.0,2.494
81,Archie Goodwin,1150.0,230.0,93.0,266.0,359.0,403.0,2.767
82,Arinze Onuaku,37.0,12.0,13.0,30.0,43.0,16.0,1.807
83,Armon Johnson,204.0,67.0,13.0,49.0,62.0,86.0,2.372
84,Arnett Moultrie,210.0,12.0,87.0,93.0,180.0,94.0,1.0030000000000001
85,Aron Baynes,1544.0,157.0,429.0,783.0,1212.0,611.0,2.52
86,Arron Afflalo,9054.0,1485.0,357.0,2000.0,2357.0,3293.0,5.329
87,Austin Croshere,480.0,92.0,88.0,270.0,358.0,167.0,1.7770000000000001
88,Austin Daye,1964.0,279.0,174.0,815.0,989.0,731.0,4.5489999999999995
89,Austin Rivers,3449.0,900.0,138.0,695.0,833.0,1292.0,2.88
90,Avery Bradley,5008.0,702.0,275.0,989.0,1264.0,2025.0,3.02
91,Awvee Storey,92.0,16.0,31.0,23.0,54.0,39.0,0.43799999999999994
92,Axel Toupane,98.0,15.0,8.0,25.0,33.0,35.0,1.538
93,Baron Davis,6866.0,3148.0,328.0,1205.0,1533.0,2515.0,3.2649999999999997
94,Ben Bentil,0.0,0.0,0.0,2.0,2.0,0.0,0.0
95,Ben Gordon,8500.0,1464.0,235.0,1182.0,1417.0,3011.0,3.83
96,Ben Hansbrough,57.0,21.0,2.0,16.0,18.0,15.0,0.33299999999999996
97,Ben McLemore,2742.0,352.0,137.0,617.0,754.0,993.0,1.672
98,Ben Uzoh,320.0,191.0,68.0,127.0,195.0,131.0,1.529
99,Ben Wallace,1975.0,660.0,1362.0,2245.0,3607.0,796.0,3.5060000000000002
100,Beno Udrih,7149.0,3150.0,326.0,1523.0,1849.0,2835.0,7.725999999999999
101,Bernard James,203.0,13.0,85.0,127.0,212.0,76.0,1.437
102,Bernard Robinson,122.0,38.0,20.0,76.0,96.0,38.0,0.9770000000000001
103,Billy Thomas,28.0,0.0,0.0,4.0,4.0,8.0,0.521
104,Bismack Biyombo,2176.0,189.0,910.0,2035.0,2945.0,809.0,3.139
105,Blake Ahearn,88.0,22.0,1.0,21.0,22.0,21.0,0.882
106,Blake Griffin,10117.0,1954.0,1154.0,3269.0,4423.0,3906.0,3.615
107,Bo Outlaw,85.0,16.0,47.0,59.0,106.0,36.0,1.334
108,Boban Marjanovic,488.0,30.0,119.0,205.0,324.0,177.0,1.1480000000000001
109,Bobby Brown,1214.0,424.0,46.0,140.0,186.0,481.0,2.667
110,Bobby Jackson,2230.0,562.0,150.0,590.0,740.0,805.0,2.0060000000000002
111,Bobby Jones,466.0,72.0,80.0,161.0,241.0,163.0,2.967
112,Bobby Portis,873.0,87.0,198.0,435.0,633.0,369.0,0.915
113,Bobby Simmons,1289.0,200.0,167.0,454.0,621.0,477.0,1.54
114,Bojan Bogdanovic,3813.0,389.0,160.0,862.0,1022.0,1337.0,2.2279999999999998
115,Bonzi Wells,1541.0,225.0,194.0,588.0,782.0,589.0,1.769
116,Boris Diaw,8840.0,3388.0,1122.0,3154.0,4276.0,3696.0,7.494
117,Bostjan Nachbar,1434.0,149.0,83.0,430.0,513.0,471.0,0.859
118,Bracey Wright,67.0,15.0,7.0,14.0,21.0,24.0,0.4
119,Brad Miller,4330.0,1279.0,677.0,2135.0,2812.0,1536.0,3.553
120,Bradley Beal,5728.0,1003.0,248.0,904.0,1152.0,2122.0,2.1870000000000003
121,Brandan Wright,3522.0,239.0,712.0,1163.0,1875.0,1505.0,8.326
122,Branden Dawson,5.0,0.0,2.0,2.0,4.0,2.0,0.4
123,Brandon Bass,6507.0,605.0,1121.0,2259.0,3380.0,2530.0,5.441
124,Brandon Davies,428.0,88.0,114.0,161.0,275.0,164.0,1.568
125,Brandon Ingram,740.0,166.0,60.0,257.0,317.0,276.0,0.402
126,Brandon Jennings,8637.0,3672.0,369.0,1551.0,1920.0,3027.0,4.470000000000001
127,Brandon Knight,6890.0,1959.0,250.0,1271.0,1521.0,2467.0,3.271000000000001
128,Brandon Roy,6136.0,1517.0,347.0,1041.0,1388.0,2224.0,2.577
129,Brandon Rush,3250.0,468.0,187.0,1226.0,1413.0,1220.0,3.773
130,Brendan Haywood,3677.0,281.0,1436.0,2110.0,3546.0,1443.0,5.242999999999999
131,Brent Barry,1064.0,270.0,46.0,263.0,309.0,349.0,1.363
132,Brevin Knight,926.0,814.0,42.0,303.0,345.0,356.0,1.172
133,Brian Cardinal,677.0,209.0,99.0,320.0,419.0,221.0,2.294
134,Brian Cook,1450.0,165.0,171.0,557.0,728.0,558.0,4.153
135,Brian Roberts,2264.0,775.0,64.0,399.0,463.0,827.0,2.9539999999999997
136,Brian Scalabrine,570.0,165.0,71.0,240.0,311.0,207.0,2.467
137,Brian Skinner,753.0,100.0,250.0,603.0,853.0,318.0,1.8040000000000003
138,Briante Weber,186.0,84.0,32.0,70.0,102.0,78.0,2.9100000000000006
139,Brice Johnson,4.0,1.0,1.0,2.0,3.0,2.0,0.28600000000000003
140,Brook Lopez,10444.0,867.0,1486.0,2519.0,4005.0,4044.0,4.598
141,Bruce Bowen,1207.0,248.0,72.0,530.0,602.0,442.0,1.234
142,Bruno Caboclo,27.0,5.0,7.0,7.0,14.0,11.0,0.7909999999999999
143,Bryce Cotton,96.0,21.0,3.0,15.0,18.0,37.0,2.0700000000000003
144,Bryce Dejean-Jones,79.0,15.0,8.0,40.0,48.0,28.0,0.406
145,Bryn Forbes,94.0,23.0,2.0,21.0,23.0,36.0,0.364
146,Buddy Hield,1732.0,242.0,70.0,468.0,538.0,654.0,1.298
147,Byron Mullens,1587.0,167.0,224.0,658.0,882.0,630.0,2.812
148,C.J. McCollum,4128.0,717.0,128.0,561.0,689.0,1566.0,1.78
149,C.J. Miles,6927.0,795.0,310.0,1404.0,1714.0,2497.0,4.591
150,C.J. Watson,4344.0,1485.0,218.0,938.0,1156.0,1516.0,4.109
151,C.J. Wilcox,132.0,30.0,6.0,25.0,31.0,50.0,1.073
152,Calvin Booth,125.0,26.0,43.0,98.0,141.0,50.0,1.803
153,Cameron Bairstow,44.0,7.0,10.0,26.0,36.0,16.0,0.539
154,Cameron Payne,603.0,218.0,15.0,166.0,181.0,242.0,1.406
155,Caris LeVert,468.0,110.0,23.0,165.0,188.0,171.0,0.45
156,Carl Landry,7787.0,484.0,1347.0,2001.0,3348.0,2930.0,6.945
157,Carldell Johnson,27.0,22.0,1.0,8.0,9.0,11.0,0.314
158,Carlos Arroyo,2041.0,896.0,107.0,476.0,583.0,778.0,2.5629999999999997
159,Carlos Boozer,10558.0,1442.0,1391.0,4593.0,5984.0,4465.0,4.6339999999999995
160,Carlos Delfino,3752.0,805.0,246.0,1401.0,1647.0,1339.0,2.417
161,Carmelo Anthony,20721.0,2641.0,1414.0,4260.0,5674.0,7390.0,5.879
162,Caron Butler,9886.0,1574.0,741.0,2697.0,3438.0,3655.0,5.974
163,Carrick Felix,19.0,4.0,1.0,5.0,6.0,7.0,0.5
164,Cartier Martin,1699.0,170.0,126.0,515.0,641.0,591.0,4.424
165,Casey Jacobsen,107.0,20.0,12.0,53.0,65.0,39.0,0.33899999999999997
166,Casper Ware,48.0,10.0,0.0,9.0,9.0,18.0,0.429
167,Cedric Bozeman,26.0,9.0,3.0,20.0,23.0,11.0,0.282
168,Cedric Jackson,40.0,28.0,4.0,12.0,16.0,12.0,0.9500000000000001
169,Cedric Simmons,200.0,16.0,66.0,109.0,175.0,85.0,2.25
170,Chandler Parsons,5086.0,1086.0,337.0,1468.0,1805.0,1948.0,2.702
171,Channing Frye,7016.0,824.0,648.0,3027.0,3675.0,2631.0,5.239
172,Charles Jenkins,519.0,258.0,24.0,108.0,132.0,228.0,1.642
173,Charlie Bell,2702.0,725.0,157.0,532.0,689.0,1009.0,1.892
174,Charlie Villanueva,5755.0,461.0,614.0,1884.0,2498.0,2217.0,4.171
175,Chase Budinger,3469.0,537.0,281.0,1109.0,1390.0,1292.0,3.9130000000000003
176,Chasson Randle,274.0,68.0,12.0,52.0,64.0,80.0,1.259
177,Chauncey Billups,9713.0,3397.0,214.0,1431.0,1645.0,2801.0,4.8020000000000005
178,Cheick Diallo,87.0,4.0,23.0,50.0,73.0,36.0,0.474
179,Cheikh Samb,37.0,2.0,23.0,32.0,55.0,15.0,1.3419999999999999
180,Chinanu Onuaku,14.0,3.0,2.0,8.0,10.0,5.0,0.7140000000000001
181,Chris Andersen,2566.0,198.0,778.0,1600.0,2378.0,898.0,6.231000000000001
182,Chris Babb,22.0,3.0,4.0,13.0,17.0,8.0,0.267
183,Chris Bosh,13395.0,1383.0,1338.0,4332.0,5670.0,4860.0,4.9559999999999995
184,Chris Copeland,998.0,107.0,65.0,207.0,272.0,366.0,1.643
185,Chris Douglas-Roberts,1571.0,254.0,83.0,389.0,472.0,574.0,2.369
186,Chris Duhon,2812.0,1919.0,149.0,782.0,931.0,966.0,2.77
187,Chris Hunter,270.0,37.0,56.0,111.0,167.0,109.0,0.502
188,Chris Johnson,1109.0,126.0,153.0,401.0,554.0,398.0,6.4030000000000005
189,Chris Kaman,6205.0,684.0,1039.0,2909.0,3948.0,2617.0,4.865
190,Chris McCray,0.0,0.0,0.0,0.0,0.0,0.0,0.0
191,Chris McCullough,184.0,13.0,43.0,63.0,106.0,76.0,1.42
192,Chris Mihm,118.0,23.0,43.0,68.0,111.0,47.0,0.712
193,Chris Paul,14352.0,7640.0,508.0,2776.0,3284.0,5086.0,5.233
194,Chris Quinn,1092.0,455.0,30.0,236.0,266.0,381.0,2.168
195,Chris Richard,135.0,25.0,71.0,123.0,194.0,56.0,0.988
196,Chris Singleton,612.0,92.0,112.0,360.0,472.0,233.0,1.127
197,Chris Smith,0.0,0.0,0.0,0.0,0.0,0.0,0.0
198,Chris Webber,1403.0,394.0,250.0,656.0,906.0,593.0,1.8119999999999998
199,Chris Wilcox,3815.0,340.0,728.0,1578.0,2306.0,1559.0,4.987
200,Chris Wright,120.0,9.0,29.0,36.0,65.0,45.0,1.6110000000000002
201,Christian Eyenga,337.0,45.0,35.0,116.0,151.0,142.0,1.323
202,Christian Wood,96.0,5.0,27.0,40.0,67.0,34.0,0.937
203,Chuck Hayes,2395.0,802.0,1121.0,2153.0,3274.0,1044.0,5.619000000000001
204,Chucky Atkins,1458.0,602.0,36.0,211.0,247.0,477.0,2.066
205,Cleanthony Early,241.0,42.0,26.0,97.0,123.0,88.0,0.655
206,Cliff Alexander,10.0,0.0,2.0,4.0,6.0,5.0,0.5
207,Clifford Robinson,203.0,51.0,31.0,91.0,122.0,81.0,0.37200000000000005
208,Clint Capela,1392.0,113.0,382.0,674.0,1056.0,607.0,1.708
209,Coby Karl,86.0,39.0,11.0,39.0,50.0,31.0,1.0339999999999998
210,Cody Zeller,2239.0,362.0,488.0,1087.0,1575.0,828.0,1.987
211,Cole Aldrich,1138.0,189.0,361.0,875.0,1236.0,474.0,4.848
212,Corey Brewer,8401.0,1503.0,711.0,1976.0,2687.0,3170.0,6.756
213,Corey Maggette,6530.0,803.0,379.0,1503.0,1882.0,1993.0,3.07
214,Corliss Williamson,620.0,39.0,63.0,158.0,221.0,236.0,0.51
215,Cory Higgins,164.0,41.0,8.0,30.0,38.0,58.0,0.641
216,Cory Jefferson,205.0,16.0,53.0,108.0,161.0,84.0,0.858
217,Cory Joseph,2479.0,904.0,183.0,638.0,821.0,962.0,2.648
218,Coty Clarke,6.0,0.0,0.0,1.0,1.0,2.0,0.5
219,Courtney Fortson,70.0,20.0,12.0,18.0,30.0,22.0,1.061
220,Courtney Lee,8131.0,1375.0,376.0,1834.0,2210.0,3110.0,5.931000000000001
221,Courtney Sims,12.0,1.0,5.0,5.0,10.0,6.0,1.0
222,Craig Brackins,30.0,9.0,7.0,12.0,19.0,13.0,0.523
223,Craig Smith,3080.0,322.0,543.0,1024.0,1567.0,1221.0,3.2819999999999996
224,Cristiano Felicio,421.0,66.0,154.0,259.0,413.0,168.0,1.133
225,Cuttino Mobley,2212.0,412.0,111.0,460.0,571.0,828.0,1.3050000000000002
226,D'Angelo Russell,2038.0,569.0,78.0,418.0,496.0,743.0,0.815
227,D.J. Augustin,8388.0,3355.0,211.0,1333.0,1544.0,2723.0,5.889
228,D.J. Kennedy,12.0,3.0,1.0,6.0,7.0,5.0,0.41700000000000004
229,D.J. Stephens,7.0,0.0,1.0,4.0,5.0,3.0,0.429
230,D.J. Strawberry,73.0,30.0,9.0,19.0,28.0,29.0,0.315
231,D.J. White,1078.0,99.0,160.0,435.0,595.0,459.0,3.6399999999999997
232,DaJuan Summers,278.0,29.0,24.0,58.0,82.0,103.0,1.441
233,Daequan Cook,2251.0,262.0,82.0,682.0,764.0,809.0,2.819
234,Dahntay Jones,3065.0,505.0,238.0,749.0,987.0,1078.0,4.912000000000001
235,Dajuan Wagner,4.0,1.0,0.0,0.0,0.0,1.0,1.0
236,Dale Davis,83.0,12.0,59.0,78.0,137.0,33.0,0.446
237,Damian Jones,19.0,0.0,9.0,14.0,23.0,8.0,0.5
238,Damian Lillard,8880.0,2446.0,217.0,1376.0,1593.0,2975.0,2.15
239,Damien Inglis,36.0,10.0,2.0,29.0,31.0,13.0,0.35100000000000003
240,Damien Wilkins,2852.0,654.0,328.0,760.0,1088.0,1065.0,2.99
241,Damion James,150.0,26.0,25.0,106.0,131.0,61.0,1.04
242,Damir Markota,51.0,6.0,11.0,20.0,31.0,19.0,0.365
243,Damjan Rudez,480.0,84.0,18.0,74.0,92.0,175.0,1.207
244,Damon Jones,863.0,227.0,14.0,130.0,144.0,299.0,1.1260000000000001
245,Damon Stoudamire,1101.0,629.0,71.0,304.0,375.0,411.0,1.445
246,Dan Dickau,518.0,242.0,20.0,120.0,140.0,178.0,0.7769999999999999
247,Dan Gadzuric,1014.0,119.0,437.0,575.0,1012.0,436.0,3.062
248,Daniel Ewing,179.0,90.0,9.0,64.0,73.0,65.0,0.40399999999999997
249,Daniel Gibson,3115.0,775.0,142.0,650.0,792.0,1065.0,2.804
250,Daniel Ochefu,24.0,3.0,5.0,17.0,22.0,12.0,0.444
251,Daniel Orton,143.0,24.0,48.0,78.0,126.0,50.0,1.4760000000000002
252,Danilo Gallinari,8023.0,1003.0,411.0,2046.0,2457.0,2385.0,4.202000000000001
253,Danny Fortson,40.0,1.0,13.0,30.0,43.0,15.0,0.5
254,Danny Granger,9606.0,1048.0,574.0,2063.0,2637.0,3227.0,4.474
255,Danny Green,4155.0,761.0,259.0,1344.0,1603.0,1467.0,3.397
256,Dante Cunningham,4004.0,450.0,774.0,1693.0,2467.0,1751.0,4.739
257,Dante Exum,805.0,310.0,57.0,206.0,263.0,300.0,0.776
258,Danuel House,0.0,0.0,0.0,1.0,1.0,0.0,0.0
259,Darington Hobson,4.0,6.0,0.0,3.0,3.0,2.0,0.154
260,Dario Saric,1040.0,182.0,112.0,401.0,513.0,381.0,0.41100000000000003
261,Darius Johnson-Odom,0.0,2.0,1.0,5.0,6.0,0.0,0.0
262,Darius Miles,120.0,17.0,19.0,38.0,57.0,48.0,0.485
263,Darius Miller,320.0,89.0,17.0,114.0,131.0,118.0,0.99
264,Darius Morris,537.0,233.0,47.0,105.0,152.0,205.0,2.679
265,Darius Songaila,1902.0,339.0,261.0,613.0,874.0,823.0,2.475
266,Darius Washington,53.0,15.0,4.0,16.0,20.0,21.0,0.43799999999999994
267,Darko Milicic,2647.0,397.0,617.0,1268.0,1885.0,1135.0,3.7829999999999995
268,Darnell Jackson,331.0,30.0,99.0,126.0,225.0,132.0,1.737
269,Darrell Armstrong,580.0,264.0,51.0,151.0,202.0,196.0,0.778
270,Darrell Arthur,3228.0,400.0,544.0,1209.0,1753.0,1359.0,3.511
271,Darren Collison,7149.0,2716.0,259.0,1217.0,1476.0,2646.0,3.747
272,Darrick Martin,121.0,64.0,5.0,14.0,19.0,43.0,0.5840000000000001
273,Darrun Hilliard,279.0,60.0,7.0,71.0,78.0,99.0,0.77
274,Darryl Watkins,35.0,3.0,13.0,26.0,39.0,12.0,0.833
275,David Andersen,635.0,70.0,94.0,282.0,376.0,259.0,1.8299999999999998
276,David Harrison,300.0,20.0,52.0,108.0,160.0,120.0,1.046
277,David Lee,11314.0,1866.0,2141.0,5180.0,7321.0,4628.0,7.019
278,David Noel,184.0,65.0,42.0,81.0,123.0,65.0,0.36700000000000005
279,David Nwaba,120.0,14.0,16.0,46.0,62.0,47.0,0.58
280,David Stockton,8.0,9.0,0.0,2.0,2.0,2.0,0.33299999999999996
281,David Wear,0.0,1.0,2.0,0.0,2.0,0.0,0.0
282,David Wesley,73.0,37.0,3.0,32.0,35.0,22.0,0.293
283,David West,11818.0,1960.0,1395.0,3983.0,5378.0,4774.0,5.468
284,Davis Bertans,303.0,46.0,22.0,77.0,99.0,103.0,0.44
285,DeAndre Jordan,6151.0,440.0,2105.0,4712.0,6817.0,2487.0,6.002000000000001
286,DeAndre Liggins,397.0,128.0,60.0,225.0,285.0,144.0,3.196
287,DeAndre' Bembry,101.0,28.0,14.0,45.0,59.0,47.0,0.48
288,DeJuan Blair,2865.0,349.0,810.0,1343.0,2153.0,1242.0,3.517
289,DeMar DeRozan,11456.0,1661.0,455.0,1969.0,2424.0,4071.0,3.587
290,DeMarcus Cousins,12250.0,1800.0,1571.0,4496.0,6067.0,4346.0,4.112
291,DeMarcus Nelson,53.0,13.0,6.0,18.0,24.0,24.0,0.444
292,DeMarre Carroll,3453.0,491.0,500.0,1132.0,1632.0,1276.0,5.164000000000001
293,DeQuan Jones,233.0,16.0,17.0,88.0,105.0,95.0,0.436
294,DeSagana Diop,1081.0,222.0,793.0,1216.0,2009.0,453.0,4.765000000000001
295,DeShawn Stevenson,3135.0,850.0,170.0,868.0,1038.0,1087.0,3.0530000000000004
296,Dee Brown,186.0,155.0,22.0,76.0,98.0,68.0,1.28
297,Dejounte Murray,130.0,48.0,6.0,36.0,42.0,50.0,0.431
298,Delon Wright,253.0,88.0,24.0,61.0,85.0,85.0,0.8720000000000001
299,Delonte West,3694.0,1387.0,173.0,931.0,1104.0,1398.0,3.4889999999999994
300,Demetris Nichols,44.0,4.0,0.0,14.0,14.0,18.0,1.702
301,Demetrius Jackson,10.0,3.0,2.0,2.0,4.0,3.0,0.75
302,Dennis Horner,5.0,0.0,2.0,3.0,5.0,1.0,0.25
303,Dennis Schroder,3244.0,1258.0,101.0,575.0,676.0,1233.0,1.6820000000000002
304,Denzel Valentine,291.0,63.0,11.0,140.0,151.0,102.0,0.354
305,DerMarr Johnson,152.0,18.0,10.0,48.0,58.0,57.0,0.825
306,Derek Anderson,540.0,177.0,38.0,127.0,165.0,173.0,0.8049999999999999
307,Derek Fisher,5244.0,1750.0,158.0,1109.0,1267.0,1816.0,4.5280000000000005
308,Deron Williams,14950.0,7487.0,372.0,2460.0,2832.0,5226.0,6.577999999999999
309,Derrick Brown,1080.0,152.0,208.0,304.0,512.0,428.0,2.7619999999999996
310,Derrick Byars,10.0,1.0,6.0,5.0,11.0,3.0,0.273
311,Derrick Caracter,81.0,7.0,19.0,24.0,43.0,32.0,0.485
312,Derrick Favors,6012.0,549.0,1340.0,2507.0,3847.0,2419.0,4.587000000000001
313,Derrick Jones,168.0,12.0,39.0,40.0,79.0,68.0,0.562
314,Derrick Rose,9155.0,2799.0,424.0,1311.0,1735.0,3562.0,3.501
315,Derrick Williams,4735.0,377.0,441.0,1704.0,2145.0,1642.0,4.297000000000001
316,Desmon Farmer,26.0,11.0,0.0,7.0,7.0,9.0,0.619
317,Desmond Mason,1909.0,284.0,244.0,527.0,771.0,766.0,1.786
318,Devean George,964.0,115.0,131.0,411.0,542.0,363.0,1.564
319,Devin Booker,2774.0,468.0,73.0,363.0,436.0,973.0,0.846
320,Devin Brown,2382.0,508.0,209.0,672.0,881.0,833.0,2.177
321,Devin Ebanks,224.0,24.0,51.0,71.0,122.0,82.0,1.157
322,Devin Harris,10609.0,4121.0,257.0,1770.0,2027.0,3484.0,6.502
323,Devyn Marble,97.0,29.0,11.0,58.0,69.0,35.0,0.6140000000000001
324,Dewayne Dedmon,1052.0,76.0,390.0,882.0,1272.0,427.0,3.152
325,Dexter Pittman,124.0,9.0,45.0,56.0,101.0,53.0,1.9320000000000002
326,Deyonta Davis,58.0,2.0,20.0,40.0,60.0,24.0,0.511
327,Diamond Stone,10.0,0.0,1.0,5.0,6.0,3.0,0.231
328,Diante Garrett,288.0,151.0,16.0,96.0,112.0,117.0,0.708
329,Didier Ilunga-Mbenga,408.0,49.0,135.0,224.0,359.0,181.0,3.069
330,Dijon Thompson,17.0,2.0,3.0,5.0,8.0,6.0,0.4
331,Dikembe Mutombo*,364.0,18.0,244.0,476.0,720.0,133.0,1.4789999999999999
332,Dion Waiters,5378.0,1072.0,190.0,894.0,1084.0,2079.0,2.86
333,Dionte Christmas,71.0,8.0,13.0,25.0,38.0,22.0,0.355
334,Dirk Nowitzki,17003.0,1975.0,677.0,5067.0,5744.0,6137.0,5.226999999999999
335,Domantas Sabonis,479.0,82.0,45.0,242.0,287.0,192.0,0.39899999999999997
336,Dominic McGuire,1028.0,453.0,386.0,940.0,1326.0,431.0,4.055
337,Dominique Jones,246.0,144.0,33.0,81.0,114.0,83.0,1.075
338,Donald Sloan,1453.0,794.0,75.0,475.0,550.0,555.0,3.4499999999999997
339,Donatas Motiejunas,1826.0,270.0,296.0,653.0,949.0,728.0,2.254
340,Donell Taylor,126.0,45.0,14.0,39.0,53.0,56.0,0.4
341,Donte Greene,1541.0,183.0,140.0,460.0,600.0,585.0,1.577
342,Dontell Jefferson,29.0,9.0,1.0,11.0,12.0,11.0,0.5
343,Donyell Marshall,856.0,81.0,140.0,375.0,515.0,306.0,1.85
344,Dorell Wright,4532.0,839.0,373.0,1687.0,2060.0,1634.0,3.7900000000000005
345,Dorian Finney-Smith,350.0,67.0,55.0,166.0,221.0,124.0,0.37200000000000005
346,Doron Lamb,499.0,107.0,24.0,117.0,141.0,183.0,1.506
347,Doug Christie,13.0,8.0,3.0,8.0,11.0,5.0,0.294
348,Doug McDermott,2057.0,181.0,83.0,513.0,596.0,778.0,2.1980000000000004
349,Dragan Bender,146.0,23.0,23.0,80.0,103.0,57.0,0.354
350,Draymond Green,3566.0,1627.0,490.0,2194.0,2684.0,1283.0,2.085
351,Drew Gooden,7029.0,714.0,1606.0,3117.0,4723.0,2767.0,7.681
352,Drew Gordon,17.0,2.0,7.0,11.0,18.0,8.0,0.42100000000000004
353,Duje Dukan,6.0,1.0,2.0,2.0,4.0,2.0,0.2
354,Dwayne Jones,93.0,10.0,76.0,84.0,160.0,29.0,1.1030000000000002
355,Dwight Buycks,95.0,24.0,6.0,29.0,35.0,33.0,0.763
356,Dwight Howard,14379.0,1226.0,2817.0,7427.0,10244.0,5168.0,6.567
357,Dwight Powell,1095.0,111.0,213.0,466.0,679.0,402.0,2.706
358,Dwyane Wade,16432.0,3875.0,838.0,2485.0,3323.0,6039.0,5.3500000000000005
359,E'Twaun Moore,2489.0,648.0,145.0,522.0,667.0,1007.0,2.589
360,Earl Barron,745.0,79.0,240.0,379.0,619.0,300.0,4.293
361,Earl Boykins,2994.0,1007.0,139.0,314.0,453.0,1047.0,2.8179999999999996
362,Earl Clark,1558.0,161.0,254.0,768.0,1022.0,618.0,3.883
363,Earl Watson,3231.0,2471.0,277.0,961.0,1238.0,1219.0,2.976
364,Ed Davis,3901.0,462.0,1248.0,2274.0,3522.0,1625.0,4.968
365,Eddie Gill,90.0,55.0,2.0,46.0,48.0,30.0,1.468
366,Eddie Griffin,18.0,4.0,7.0,18.0,25.0,7.0,0.259
367,Eddie House,3051.0,543.0,79.0,647.0,726.0,1120.0,2.7929999999999997
368,Eddie Jones,1162.0,287.0,80.0,432.0,512.0,422.0,1.612
369,Eddy Curry,2427.0,101.0,316.0,563.0,879.0,908.0,3.4650000000000003
370,Eduardo Najera,1481.0,268.0,354.0,684.0,1038.0,585.0,3.4849999999999994
371,Edwin Ubiles,14.0,1.0,2.0,8.0,10.0,5.0,0.278
372,Edy Tavares,16.0,2.0,8.0,14.0,22.0,8.0,2.55
373,Ekpe Udoh,1412.0,236.0,461.0,653.0,1114.0,536.0,3.0119999999999996
374,Elfrid Payton,2555.0,1530.0,273.0,724.0,997.0,1049.0,1.332
375,Elias Harris,0.0,1.0,1.0,0.0,1.0,0.0,0.0
376,Elijah Millsap,287.0,78.0,37.0,154.0,191.0,93.0,0.765
377,Elliot Williams,574.0,106.0,38.0,131.0,169.0,207.0,2.2880000000000003
378,Elton Brand,6157.0,798.0,1191.0,2391.0,3582.0,2539.0,4.8069999999999995
379,Emeka Okafor,5807.0,417.0,1538.0,3253.0,4791.0,2377.0,3.741
380,Emmanuel Mudiay,1475.0,589.0,61.0,349.0,410.0,537.0,0.741
381,Enes Kanter,6194.0,324.0,1462.0,2206.0,3668.0,2522.0,4.228000000000001
382,Eric Bledsoe,5480.0,1924.0,337.0,1246.0,1583.0,1913.0,3.069
383,Eric Dawson,15.0,0.0,5.0,5.0,10.0,7.0,0.583
384,Eric Gordon,8151.0,1559.0,224.0,1027.0,1251.0,2772.0,3.878
385,Eric Maynor,1896.0,1260.0,106.0,456.0,562.0,732.0,4.104000000000001
386,Eric Moreland,10.0,1.0,3.0,9.0,12.0,4.0,1.5
387,Eric Piatkowski,66.0,14.0,3.0,18.0,21.0,21.0,0.724
388,Eric Snow,364.0,372.0,39.0,169.0,208.0,141.0,0.5750000000000001
389,Eric Williams,108.0,14.0,6.0,28.0,34.0,38.0,1.153
390,Erick Dampier,1889.0,241.0,831.0,1441.0,2272.0,755.0,3.2520000000000002
391,Erick Green,172.0,45.0,13.0,30.0,43.0,71.0,1.179
392,Erik Murphy,6.0,2.0,2.0,6.0,8.0,3.0,0.231
393,Ersan Ilyasova,8520.0,921.0,1375.0,3132.0,4507.0,3176.0,6.021999999999999
394,Esteban Batista,20.0,4.0,7.0,23.0,30.0,8.0,0.5
395,Etan Thomas,582.0,38.0,185.0,345.0,530.0,232.0,1.9909999999999999
396,Eugene Jeter,255.0,162.0,9.0,61.0,70.0,106.0,0.409
397,Evan Fournier,3918.0,691.0,145.0,679.0,824.0,1393.0,2.2529999999999997
398,Evan Turner,6750.0,2230.0,375.0,2701.0,3076.0,2695.0,3.865
399,Fab Melo,7.0,0.0,0.0,3.0,3.0,3.0,0.5
400,Fabricio Oberto,978.0,273.0,386.0,666.0,1052.0,437.0,2.982
401,Festus Ezeli,712.0,63.0,292.0,433.0,725.0,275.0,1.533
402,Francisco Elson,1130.0,173.0,328.0,781.0,1109.0,476.0,4.104
403,Francisco Garcia,4267.0,716.0,247.0,1059.0,1306.0,1552.0,4.485999999999999
404,Frank Kaminsky,1480.0,260.0,126.0,545.0,671.0,535.0,0.8089999999999999
405,Fred Jones,1734.0,570.0,99.0,427.0,526.0,589.0,1.983
406,Fred VanVleet,107.0,35.0,4.0,38.0,42.0,39.0,0.35100000000000003
407,Furkan Aldemir,93.0,28.0,78.0,98.0,176.0,40.0,0.513
408,Gabe Pruitt,125.0,52.0,10.0,41.0,51.0,45.0,0.6659999999999999
409,Gal Mekel,79.0,76.0,5.0,23.0,28.0,33.0,0.499
410,Gani Lawal,0.0,0.0,0.0,0.0,0.0,0.0,0.0
411,Garret Siler,45.0,3.0,16.0,12.0,28.0,17.0,0.5479999999999999
412,Garrett Temple,2078.0,658.0,156.0,628.0,784.0,736.0,4.801
413,Gary Forbes,645.0,103.0,55.0,163.0,218.0,236.0,0.867
414,Gary Harris,1971.0,340.0,123.0,339.0,462.0,745.0,1.275
415,Gary Neal,4561.0,756.0,105.0,874.0,979.0,1656.0,4.164
416,Gary Payton,20.0,13.0,0.0,12.0,12.0,8.0,0.364
417,Gary Payton*,358.0,201.0,18.0,114.0,132.0,144.0,0.39299999999999996
418,George Hill,7039.0,2002.0,333.0,1591.0,1924.0,2486.0,4.056
419,Georges Niang,21.0,5.0,2.0,15.0,17.0,9.0,0.25
420,Georgios Papagiannis,124.0,20.0,24.0,62.0,86.0,56.0,0.5489999999999999
421,Gerald Green,5226.0,542.0,277.0,1071.0,1348.0,1899.0,5.042
422,Gerald Henderson,5987.0,1009.0,314.0,1402.0,1716.0,2249.0,3.4480000000000004
423,Gerald Wallace,9762.0,1760.0,980.0,3724.0,4704.0,3389.0,5.955000000000001
424,Giannis Antetokounmpo,4737.0,1136.0,433.0,1760.0,2193.0,1725.0,1.932
425,Gilbert Arenas,4687.0,1325.0,131.0,796.0,927.0,1548.0,2.998
426,Glen Davis,4752.0,534.0,839.0,1748.0,2587.0,1885.0,4.529999999999999
427,Glen Rice,43.0,9.0,6.0,18.0,24.0,14.0,0.497
428,Glenn Robinson,736.0,95.0,99.0,292.0,391.0,275.0,2.037
429,Goran Dragic,10429.0,3669.0,602.0,1710.0,2312.0,3879.0,6.039000000000001
430,Gordan Giricek,1125.0,187.0,56.0,265.0,321.0,442.0,2.118
431,Gordon Hayward,8077.0,1762.0,377.0,1771.0,2148.0,2721.0,3.138
432,Gorgui Dieng,2639.0,486.0,671.0,1470.0,2141.0,1012.0,2.0380000000000003
433,Grant Hill,5398.0,1053.0,377.0,1621.0,1998.0,2064.0,3.3400000000000003
434,Grant Jerrett,32.0,6.0,4.0,14.0,18.0,14.0,0.889
435,Greg Buckner,584.0,166.0,77.0,276.0,353.0,229.0,1.1800000000000002
436,Greg Monroe,7572.0,1216.0,1593.0,3114.0,4707.0,3029.0,3.6060000000000003
437,Greg Oden,840.0,51.0,256.0,400.0,656.0,317.0,1.7200000000000002
438,Greg Smith,596.0,41.0,165.0,324.0,489.0,243.0,3.074
439,Greg Stiemsma,641.0,97.0,190.0,489.0,679.0,269.0,2.326
440,Greivis Vasquez,4349.0,2258.0,145.0,1049.0,1194.0,1655.0,3.526
441,Guillermo Diaz,5.0,1.0,2.0,0.0,2.0,1.0,0.25
442,Gustavo Ayon,839.0,244.0,248.0,540.0,788.0,376.0,2.7279999999999998
443,Hakim Warrick,5596.0,447.0,797.0,1579.0,2376.0,2007.0,5.196000000000001
444,Hamady N'Diaye,20.0,3.0,7.0,18.0,25.0,7.0,1.133
445,Hamed Haddadi,423.0,55.0,180.0,303.0,483.0,165.0,3.1490000000000005
446,Harrison Barnes,4605.0,564.0,407.0,1412.0,1819.0,1757.0,2.254
447,Hasheem Thabeet,571.0,31.0,243.0,469.0,712.0,210.0,4.586
448,Hassan Adams,185.0,14.0,36.0,48.0,84.0,79.0,0.8640000000000001
449,Hassan Whiteside,2942.0,93.0,692.0,1782.0,2474.0,1210.0,2.235
450,Hedo Turkoglu,7410.0,2333.0,361.0,2281.0,2642.0,2592.0,4.536
451,Henry Ellenson,60.0,7.0,8.0,33.0,41.0,23.0,0.359
452,Henry Sims,1381.0,192.0,352.0,555.0,907.0,533.0,2.9329999999999994
453,Henry Walker,1408.0,193.0,70.0,419.0,489.0,506.0,3.34
454,Hilton Armstrong,1043.0,137.0,361.0,617.0,978.0,412.0,4.864000000000001
455,Hollis Thompson,2255.0,327.0,218.0,721.0,939.0,819.0,2.338
456,Ian Clark,945.0,193.0,46.0,195.0,241.0,364.0,2.3659999999999997
457,Ian Mahinmi,2421.0,230.0,676.0,1371.0,2047.0,912.0,4.904
458,Ike Diogu,1347.0,68.0,281.0,438.0,719.0,479.0,3.943
459,Iman Shumpert,3233.0,839.0,335.0,1165.0,1500.0,1207.0,3.189
460,Ime Udoka,1605.0,300.0,215.0,689.0,904.0,602.0,1.884
461,Ira Newble,422.0,38.0,107.0,173.0,280.0,168.0,1.937
462,Isaiah Canaan,1992.0,392.0,69.0,352.0,421.0,646.0,2.2479999999999998
463,Isaiah Taylor,3.0,3.0,1.0,2.0,3.0,1.0,0.14300000000000002
464,Isaiah Thomas,9538.0,2562.0,279.0,1014.0,1293.0,3061.0,3.489
465,Isaiah Whitehead,543.0,192.0,32.0,152.0,184.0,204.0,0.402
466,Ish Smith,4231.0,2375.0,220.0,1240.0,1460.0,1788.0,6.572
467,Ivan Johnson,808.0,78.0,141.0,351.0,492.0,326.0,1.033
468,Ivan McFarlin,15.0,1.0,7.0,4.0,11.0,5.0,0.385
469,Ivica Zubac,284.0,30.0,41.0,118.0,159.0,126.0,0.529
470,J.J. Barea,5977.0,2513.0,215.0,1184.0,1399.0,2283.0,4.582
471,J.J. Hickson,5739.0,517.0,1345.0,2761.0,4106.0,2312.0,6.016
472,J.J. O'Brien,0.0,0.0,0.0,1.0,1.0,0.0,0.0
473,J.J. Redick,9314.0,1572.0,146.0,1349.0,1495.0,3143.0,5.694000000000001
474,J.R. Giddens,142.0,26.0,34.0,71.0,105.0,58.0,2.0500000000000003
475,J.R. Smith,11037.0,1907.0,437.0,2334.0,2771.0,3982.0,5.446000000000001
476,JaJuan Johnson,114.0,6.0,20.0,38.0,58.0,54.0,0.446
477,JaKarr Sampson,1134.0,169.0,127.0,416.0,543.0,426.0,1.76
478,JaMychal Green,1391.0,159.0,344.0,663.0,1007.0,534.0,2.685
479,JaVale McGee,4663.0,189.0,1114.0,1908.0,3022.0,1982.0,7.037000000000001
480,Jabari Brown,227.0,40.0,3.0,33.0,36.0,70.0,0.41200000000000003
481,Jabari Parker,2403.0,314.0,252.0,595.0,847.0,971.0,1.4729999999999999
482,Jack Cooley,27.0,1.0,10.0,15.0,25.0,9.0,0.409
483,Jackie Butler,41.0,5.0,6.0,16.0,22.0,16.0,0.457
484,Jacque Vaughn,563.0,345.0,25.0,139.0,164.0,216.0,1.173
485,Jae Crowder,4041.0,632.0,343.0,1412.0,1755.0,1422.0,3.001
486,Jahlil Okafor,1518.0,123.0,203.0,410.0,613.0,639.0,1.022
487,Jake Layman,78.0,11.0,6.0,18.0,24.0,26.0,0.292
488,Jake Tsakalidis,168.0,10.0,84.0,124.0,208.0,58.0,1.212
489,Jake Voskuhl,452.0,65.0,135.0,277.0,412.0,170.0,1.205
490,Jakob Poeltl,165.0,12.0,78.0,87.0,165.0,67.0,0.583
491,Jalen Rose,108.0,16.0,3.0,20.0,23.0,38.0,0.442
492,Jamaal Franklin,42.0,9.0,5.0,20.0,25.0,17.0,0.9099999999999999
493,Jamaal Magloire,953.0,76.0,354.0,833.0,1187.0,358.0,3.6020000000000003
494,Jamaal Tinsley,1897.0,1364.0,120.0,498.0,618.0,721.0,2.112
495,Jamal Crawford,14258.0,2873.0,310.0,1605.0,1915.0,4845.0,5.3790000000000004
496,Jamal Murray,811.0,170.0,41.0,173.0,214.0,295.0,0.40399999999999997
497,Jamal Sampson,24.0,5.0,15.0,33.0,48.0,9.0,0.643
498,Jamario Moon,2639.0,438.0,282.0,1475.0,1757.0,1046.0,3.872
499,Jameer Nelson,8622.0,4043.0,355.0,1909.0,2264.0,3267.0,5.773000000000001
500,James Anderson,1571.0,333.0,126.0,506.0,632.0,577.0,2.828
501,James Augustine,42.0,4.0,17.0,16.0,33.0,19.0,0.862
502,James Ennis,1059.0,154.0,162.0,357.0,519.0,355.0,2.15
503,James Harden,13618.0,3526.0,475.0,2618.0,3093.0,4005.0,3.543
504,James Johnson,3840.0,955.0,446.0,1327.0,1773.0,1524.0,4.657
505,James Jones,2640.0,252.0,143.0,705.0,848.0,834.0,4.390999999999999
506,James Lang,11.0,2.0,5.0,6.0,11.0,4.0,0.444
507,James Michael,326.0,36.0,79.0,106.0,185.0,131.0,1.611
508,James Nunnally,88.0,16.0,2.0,36.0,38.0,30.0,0.98
509,James Posey,2402.0,441.0,176.0,1341.0,1517.0,782.0,1.9620000000000002
510,James Singleton,1005.0,111.0,366.0,623.0,989.0,382.0,2.583
511,James Southerland,28.0,0.0,0.0,16.0,16.0,10.0,0.75
512,James White,182.0,35.0,8.0,60.0,68.0,71.0,1.47
513,James Young,202.0,26.0,19.0,75.0,94.0,72.0,1.09
514,JamesOn Curry,0.0,0.0,0.0,0.0,0.0,0.0,0.0
515,Jan Vesely,787.0,117.0,306.0,447.0,753.0,352.0,2.5789999999999997
516,Jannero Pargo,2612.0,774.0,85.0,469.0,554.0,997.0,3.791
517,Jared Cunningham,343.0,67.0,10.0,90.0,100.0,102.0,2.823
518,Jared Dudley,6492.0,1256.0,835.0,1897.0,2732.0,2369.0,5.621999999999999
519,Jared Jeffries,1894.0,527.0,836.0,896.0,1732.0,734.0,4.353
520,Jared Reiner,33.0,13.0,21.0,50.0,71.0,15.0,0.349
521,Jared Sullinger,2893.0,477.0,684.0,1322.0,2006.0,1172.0,2.107
522,Jarell Eddie,87.0,5.0,3.0,27.0,30.0,26.0,0.624
523,Jarell Martin,318.0,23.0,81.0,167.0,248.0,112.0,0.8500000000000001
524,Jarnell Stokes,74.0,8.0,19.0,25.0,44.0,28.0,2.768
525,Jarrett Jack,9092.0,3627.0,257.0,2052.0,2309.0,3256.0,5.8469999999999995
526,Jarrod Uthoff,40.0,9.0,8.0,14.0,22.0,16.0,0.42100000000000004
527,Jarron Collins,434.0,114.0,181.0,253.0,434.0,151.0,2.51
528,Jarvis Hayes,2131.0,236.0,113.0,650.0,763.0,836.0,1.707
529,Jarvis Varnado,214.0,32.0,42.0,102.0,144.0,78.0,2.462
530,Jason Collins,764.0,163.0,344.0,701.0,1045.0,270.0,4.591
531,Jason Hart,823.0,400.0,59.0,288.0,347.0,320.0,4.323
532,Jason Kapono,2358.0,305.0,102.0,452.0,554.0,936.0,2.4650000000000003
533,Jason Kidd,5711.0,4942.0,556.0,3116.0,3672.0,1986.0,3.5180000000000002
534,Jason Maxiell,3421.0,263.0,1036.0,1512.0,2548.0,1375.0,4.409999999999999
535,Jason Richardson,9911.0,1355.0,588.0,2203.0,2791.0,3741.0,5.246
536,Jason Smith,3599.0,425.0,622.0,1348.0,1970.0,1506.0,4.252
537,Jason Terry,9817.0,2391.0,236.0,1324.0,1560.0,3611.0,4.785000000000001
538,Jason Thompson,5357.0,664.0,1296.0,2718.0,4014.0,2164.0,4.931
539,Jason Williams,1853.0,1031.0,43.0,414.0,457.0,679.0,2.221
540,Javaris Crittenton,1190.0,402.0,168.0,384.0,552.0,458.0,2.698
541,Jawad Williams,340.0,56.0,24.0,109.0,133.0,127.0,1.135
542,Jaylen Brown,515.0,64.0,45.0,175.0,220.0,192.0,0.45399999999999996
543,Jeff Adrien,1071.0,138.0,323.0,642.0,965.0,407.0,3.31
544,Jeff Ayres,690.0,99.0,196.0,436.0,632.0,287.0,3.2440000000000007
545,Jeff Foote,4.0,0.0,1.0,5.0,6.0,2.0,0.33299999999999996
546,Jeff Foster,1531.0,387.0,944.0,1314.0,2258.0,615.0,2.977
547,Jeff Green,12633.0,1515.0,903.0,3437.0,4340.0,4635.0,6.549000000000001
548,Jeff McInnis,407.0,344.0,30.0,128.0,158.0,179.0,0.8260000000000001
549,Jeff Teague,7545.0,3310.0,192.0,1253.0,1445.0,2682.0,3.54
550,Jeff Withey,651.0,64.0,180.0,328.0,508.0,243.0,2.106
551,Jeffery Taylor,807.0,107.0,80.0,183.0,263.0,299.0,1.202
552,Jelani McCoy,3.0,0.0,1.0,6.0,7.0,1.0,1.0
553,Jerami Grant,2034.0,306.0,224.0,747.0,971.0,679.0,2.056
554,Jerel McNeal,9.0,2.0,0.0,3.0,3.0,3.0,0.273
555,Jeremy Evans,877.0,107.0,238.0,402.0,640.0,363.0,3.5389999999999997
556,Jeremy Lamb,2214.0,316.0,114.0,716.0,830.0,847.0,2.112
557,Jeremy Lin,4842.0,1807.0,175.0,984.0,1159.0,1642.0,2.9959999999999996
558,Jeremy Pargo,656.0,239.0,28.0,107.0,135.0,248.0,1.511
559,Jeremy Richardson,135.0,7.0,5.0,31.0,36.0,52.0,2.4979999999999998
560,Jeremy Tyler,395.0,26.0,104.0,185.0,289.0,166.0,1.6880000000000002
561,Jerian Grant,796.0,297.0,40.0,214.0,254.0,282.0,0.819
562,Jermaine O'Neal,5727.0,685.0,840.0,2214.0,3054.0,2253.0,4.704000000000001
563,Jermaine Taylor,574.0,80.0,73.0,97.0,170.0,233.0,1.8339999999999999
564,Jermareo Davidson,162.0,14.0,31.0,65.0,96.0,68.0,0.8939999999999999
565,Jerome Dyson,67.0,18.0,2.0,17.0,19.0,19.0,0.396
566,Jerome James,86.0,3.0,22.0,50.0,72.0,37.0,1.793
567,Jerome Jordan,180.0,17.0,66.0,66.0,132.0,67.0,1.0470000000000002
568,Jerrelle Benimon,0.0,0.0,1.0,2.0,3.0,0.0,0.0
569,Jerry Smith,7.0,4.0,2.0,5.0,7.0,3.0,0.214
570,Jerry Stackhouse,2124.0,466.0,108.0,350.0,458.0,744.0,2.512
571,Jerryd Bayless,5710.0,1961.0,198.0,1205.0,1403.0,1994.0,5.210000000000001
572,Jimmer Fredette,1698.0,388.0,60.0,228.0,288.0,625.0,4.231
573,Jimmy Butler,6208.0,1254.0,568.0,1353.0,1921.0,2007.0,2.64
574,Joakim Noah,5557.0,1807.0,2071.0,3718.0,5789.0,2129.0,4.852
575,Jodie Meeks,4731.0,544.0,141.0,940.0,1081.0,1591.0,4.042
576,Joe Alexander,282.0,44.0,46.0,74.0,120.0,103.0,0.583
577,Joe Crawford,9.0,1.0,1.0,3.0,4.0,3.0,0.3
578,Joe Harris,567.0,82.0,23.0,168.0,191.0,203.0,1.075
579,Joe Ingles,1319.0,502.0,64.0,522.0,586.0,475.0,1.293
580,Joe Johnson,15221.0,3658.0,672.0,2843.0,3515.0,5755.0,5.805999999999999
581,Joe Smith,3620.0,341.0,816.0,1511.0,2327.0,1447.0,5.2509999999999994
582,Joe Young,222.0,80.0,7.0,60.0,67.0,88.0,0.728
583,Joel Anthony,1092.0,101.0,577.0,814.0,1391.0,410.0,5.936
584,Joel Bolomboy,22.0,2.0,4.0,13.0,17.0,9.0,0.563
585,Joel Embiid,627.0,66.0,61.0,182.0,243.0,200.0,0.466
586,Joel Freeland,477.0,65.0,190.0,328.0,518.0,209.0,1.373
587,Joel Przybilla,1211.0,110.0,638.0,1583.0,2221.0,467.0,4.492
588,Joey Dorsey,367.0,57.0,214.0,342.0,556.0,151.0,2.926
589,Joey Graham,1706.0,147.0,215.0,599.0,814.0,659.0,2.388
590,Joffrey Lauvergne,1308.0,209.0,248.0,621.0,869.0,527.0,2.214
591,Johan Petro,2011.0,228.0,469.0,1229.0,1698.0,896.0,4.021
592,John Henson,2418.0,314.0,590.0,1032.0,1622.0,1025.0,2.665
593,John Jenkins,912.0,151.0,38.0,232.0,270.0,340.0,3.047
594,John Lucas,1117.0,350.0,55.0,177.0,232.0,440.0,2.495
595,John Salmons,9956.0,2284.0,435.0,2338.0,2773.0,3597.0,6.3149999999999995
596,John Wall,9419.0,4610.0,292.0,1925.0,2217.0,3417.0,3.026
597,Johnny O'Bryant,376.0,61.0,109.0,169.0,278.0,160.0,2.278
598,Jon Brockman,320.0,49.0,212.0,260.0,472.0,118.0,1.378
599,Jon Leuer,2252.0,290.0,336.0,998.0,1334.0,923.0,3.867
600,Jonas Jerebko,3479.0,458.0,732.0,1539.0,2271.0,1312.0,4.054
601,Jonas Valanciunas,4160.0,240.0,972.0,2113.0,3085.0,1630.0,2.782
602,Jonathan Bender,118.0,16.0,15.0,37.0,52.0,40.0,0.4
603,Jonathan Gibson,106.0,26.0,1.0,21.0,22.0,35.0,0.368
604,Jonathon Simmons,814.0,184.0,36.0,220.0,256.0,299.0,0.9239999999999999
605,Jonny Flynn,1635.0,730.0,52.0,294.0,346.0,597.0,1.8039999999999998
606,Jordan Adams,101.0,19.0,9.0,21.0,30.0,37.0,0.74
607,Jordan Clarkson,3133.0,611.0,198.0,552.0,750.0,1219.0,1.326
608,Jordan Crawford,5593.0,1493.0,254.0,942.0,1196.0,2094.0,4.497
609,Jordan Farmar,3888.0,1453.0,161.0,797.0,958.0,1460.0,4.122
610,Jordan Hamilton,1294.0,179.0,121.0,502.0,623.0,489.0,2.846
611,Jordan Hill,3670.0,358.0,1016.0,1734.0,2750.0,1538.0,5.826
612,Jordan McRae,359.0,69.0,14.0,66.0,80.0,126.0,1.688
613,Jordan Mickey,59.0,8.0,19.0,28.0,47.0,23.0,0.8049999999999999
614,Jordan Williams,197.0,11.0,66.0,90.0,156.0,77.0,0.507
615,Jorge Garbajosa,589.0,128.0,50.0,295.0,345.0,230.0,0.74
616,Jorge Gutierrez,190.0,91.0,13.0,66.0,79.0,75.0,2.601
617,Jose Calderon,8171.0,5234.0,283.0,1830.0,2113.0,3135.0,6.964
618,Josh Akognon,5.0,1.0,0.0,1.0,1.0,2.0,0.5
619,Josh Boone,1340.0,125.0,484.0,774.0,1258.0,567.0,2.1799999999999997
620,Josh Childress,1999.0,327.0,403.0,578.0,981.0,763.0,2.411
621,Josh Davis,28.0,6.0,16.0,11.0,27.0,10.0,0.37
622,Josh Harrellson,265.0,26.0,80.0,147.0,227.0,105.0,1.33
623,Josh Howard,5260.0,548.0,435.0,1353.0,1788.0,1960.0,3.7660000000000005
624,Josh Huestis,28.0,3.0,6.0,13.0,19.0,11.0,0.9620000000000001
625,Josh McRoberts,2734.0,1042.0,561.0,1450.0,2011.0,1070.0,5.626
626,Josh Powell,1232.0,173.0,327.0,612.0,939.0,504.0,3.176
627,Josh Richardson,880.0,213.0,56.0,219.0,275.0,325.0,0.846
628,Josh Selby,83.0,34.0,2.0,18.0,20.0,31.0,0.6200000000000001
629,Josh Smith,12736.0,2838.0,1594.0,4789.0,6383.0,5026.0,6.05
630,Jrue Holiday,7191.0,3147.0,403.0,1397.0,1800.0,2847.0,3.536
631,Juan Carlos,896.0,177.0,34.0,176.0,210.0,308.0,0.402
632,Juan Dixon,2343.0,558.0,92.0,441.0,533.0,911.0,2.931
633,Juan Hernangomez,305.0,29.0,43.0,144.0,187.0,101.0,0.451
634,Julian Wright,907.0,182.0,184.0,347.0,531.0,397.0,2.012
635,Julius Hodge,30.0,24.0,4.0,12.0,16.0,12.0,1.471
636,Julius Randle,1896.0,408.0,323.0,1142.0,1465.0,736.0,1.25
637,Julyan Stone,61.0,51.0,9.0,39.0,48.0,22.0,1.831
638,Jumaine Jones,40.0,1.0,6.0,17.0,23.0,14.0,0.275
639,Junior Harrington,152.0,89.0,12.0,56.0,68.0,57.0,0.41600000000000004
640,Justin Anderson,1272.0,161.0,156.0,466.0,622.0,443.0,1.694
641,Justin Dentmon,52.0,20.0,0.0,16.0,16.0,20.0,1.0539999999999998
642,Justin Hamilton,932.0,127.0,193.0,351.0,544.0,362.0,2.765
643,Justin Harper,45.0,4.0,5.0,13.0,18.0,18.0,1.107
644,Justin Holiday,1403.0,277.0,63.0,429.0,492.0,516.0,2.2809999999999997
645,Justin Reed,106.0,17.0,15.0,31.0,46.0,40.0,0.374
646,Justin Williams,199.0,2.0,91.0,122.0,213.0,80.0,1.8569999999999998
647,Justise Winslow,698.0,183.0,104.0,393.0,497.0,275.0,0.778
648,Jusuf Nurkic,2013.0,336.0,498.0,993.0,1491.0,814.0,2.3850000000000002
649,Juwan Howard,1815.0,300.0,381.0,834.0,1215.0,755.0,4.128
650,K.J. McDaniels,1475.0,180.0,176.0,430.0,606.0,527.0,2.898
651,Kalin Lucas,0.0,0.0,0.0,0.0,0.0,0.0,0.0
652,Kaniel Dickens,2.0,1.0,0.0,1.0,1.0,1.0,0.33299999999999996
653,Kareem Rush,651.0,108.0,20.0,169.0,189.0,252.0,1.1099999999999999
654,Karl-Anthony Towns,3564.0,381.0,525.0,1340.0,1865.0,1427.0,1.084
655,Kasib Powell,84.0,18.0,8.0,36.0,44.0,35.0,0.368
656,Kawhi Leonard,6508.0,903.0,503.0,1966.0,2469.0,2377.0,2.9789999999999996
657,Kay Felder,166.0,58.0,3.0,38.0,41.0,62.0,0.392
658,Keith Appling,6.0,1.0,0.0,1.0,1.0,2.0,0.25
659,Keith Benson,0.0,0.0,2.0,1.0,3.0,0.0,0.0
660,Keith Bogans,2787.0,569.0,185.0,1036.0,1221.0,941.0,3.9849999999999994
661,Keith Langford,2.0,0.0,0.0,2.0,2.0,1.0,0.25
662,Keith McLeod,462.0,180.0,8.0,78.0,86.0,146.0,1.1640000000000001
663,Kelenna Azubuike,2178.0,230.0,257.0,572.0,829.0,802.0,2.274
664,Kelly Olynyk,2628.0,471.0,376.0,933.0,1309.0,998.0,1.9080000000000001
665,Kelly Oubre,737.0,60.0,86.0,307.0,393.0,276.0,0.8480000000000001
666,Kelvin Cato,22.0,0.0,12.0,19.0,31.0,7.0,0.318
667,Kemba Walker,8137.0,2381.0,265.0,1443.0,1708.0,2845.0,2.438
668,Kendall Marshall,802.0,779.0,23.0,230.0,253.0,315.0,1.596
669,Kendrick Perkins,4106.0,795.0,1260.0,3229.0,4489.0,1672.0,7.142999999999999
670,Kenneth Faried,4858.0,432.0,1299.0,2181.0,3480.0,1958.0,3.296
671,Kenny Thomas,410.0,105.0,191.0,348.0,539.0,182.0,1.764
672,Kent Bazemore,2992.0,630.0,119.0,969.0,1088.0,1093.0,2.8979999999999997
673,Kentavious Caldwell-Pope,3665.0,495.0,209.0,732.0,941.0,1345.0,1.616
674,Kenyon Martin,3249.0,522.0,526.0,1622.0,2148.0,1395.0,4.46
675,Kevin Durant,19121.0,2663.0,553.0,4478.0,5031.0,6463.0,4.904999999999999
676,Kevin Garnett,9057.0,1689.0,869.0,4537.0,5406.0,3711.0,6.008
677,Kevin Jones,95.0,10.0,38.0,40.0,78.0,43.0,0.402
678,Kevin Love,10593.0,1368.0,1784.0,4828.0,6612.0,3510.0,3.916
679,Kevin Martin,12947.0,1402.0,357.0,1876.0,2233.0,3985.0,5.857
680,Kevin Murphy,15.0,2.0,0.0,4.0,4.0,7.0,0.25
681,Kevin Ollie,515.0,305.0,28.0,165.0,193.0,189.0,1.6600000000000001
682,Kevin Seraphin,2516.0,246.0,502.0,960.0,1462.0,1134.0,3.4200000000000004
683,Kevin Willis,12.0,1.0,2.0,6.0,8.0,5.0,0.385
684,Kevinn Pinkney,31.0,5.0,7.0,8.0,15.0,12.0,0.444
685,Kevon Looney,144.0,29.0,48.0,86.0,134.0,60.0,1.094
686,Keyon Dooling,2998.0,952.0,76.0,477.0,553.0,1058.0,2.99
687,Khris Middleton,4070.0,809.0,167.0,965.0,1132.0,1501.0,2.241
688,Kim English,119.0,26.0,8.0,29.0,37.0,42.0,0.375
689,Kirk Hinrich,7063.0,3081.0,236.0,1741.0,1977.0,2616.0,5.555
690,Kirk Snyder,714.0,167.0,77.0,258.0,335.0,258.0,1.94
691,Klay Thompson,8854.0,1045.0,205.0,1349.0,1554.0,3282.0,2.71
692,Kobe Bryant,16777.0,3158.0,621.0,2792.0,3413.0,5851.0,4.345
693,Kosta Koufos,3440.0,243.0,1054.0,1879.0,2933.0,1523.0,5.63
694,Kosta Perovic,10.0,1.0,6.0,7.0,13.0,3.0,0.3
695,Kostas Papanikolaou,249.0,101.0,47.0,111.0,158.0,93.0,0.714
696,Kris Dunn,293.0,188.0,24.0,142.0,166.0,118.0,0.377
697,Kris Humphries,5714.0,551.0,1435.0,3121.0,4556.0,2186.0,7.105
698,Kris Joseph,18.0,2.0,2.0,12.0,14.0,4.0,0.325
699,Kristaps Porzingis,2224.0,191.0,243.0,758.0,1001.0,816.0,0.871
700,Kurt Thomas,2215.0,398.0,702.0,1965.0,2667.0,981.0,4.436
701,Kwame Brown,1735.0,275.0,513.0,1155.0,1668.0,671.0,4.6339999999999995
702,Kyle Anderson,670.0,242.0,63.0,461.0,524.0,262.0,1.261
703,Kyle Korver,9502.0,1703.0,245.0,2549.0,2794.0,3289.0,6.798
704,Kyle Lowry,10746.0,4398.0,623.0,2476.0,3099.0,3462.0,5.481
705,Kyle O'Quinn,1760.0,378.0,444.0,1017.0,1461.0,750.0,2.503
706,Kyle Singler,2783.0,355.0,349.0,861.0,1210.0,1008.0,2.793
707,Kyle Weaver,363.0,119.0,34.0,124.0,158.0,134.0,1.1829999999999998
708,Kyle Wiltjer,13.0,2.0,4.0,6.0,10.0,4.0,0.28600000000000003
709,Kyrie Irving,8232.0,2114.0,281.0,1009.0,1290.0,3009.0,2.7399999999999998
710,Kyrylo Fesenko,305.0,40.0,97.0,172.0,269.0,125.0,2.3449999999999998
711,LaMarcus Aldridge,15136.0,1510.0,2086.0,4504.0,6590.0,6157.0,5.376
712,Lamar Odom,5593.0,1488.0,987.0,3216.0,4203.0,2166.0,3.2289999999999996
713,Lamar Patterson,93.0,45.0,5.0,52.0,57.0,31.0,0.55
714,Lance Allred,3.0,0.0,0.0,1.0,1.0,1.0,0.25
715,Lance Stephenson,3801.0,1273.0,282.0,1478.0,1760.0,1533.0,5.293
716,Lance Thomas,1966.0,258.0,291.0,620.0,911.0,742.0,3.217
717,Landry Fields,1731.0,419.0,248.0,844.0,1092.0,684.0,2.305
718,Langston Galloway,2328.0,543.0,134.0,656.0,790.0,849.0,1.9499999999999997
719,Larry Drew,46.0,45.0,1.0,14.0,15.0,20.0,0.345
720,Larry Hughes,4813.0,1137.0,198.0,1136.0,1334.0,1718.0,4.024
721,Larry Nance,798.0,140.0,221.0,460.0,681.0,348.0,1.053
722,Larry Owens,93.0,20.0,4.0,39.0,43.0,34.0,1.795
723,Larry Sanders,1520.0,174.0,475.0,870.0,1345.0,669.0,2.6149999999999998
724,Lavoy Allen,2150.0,455.0,834.0,1321.0,2155.0,962.0,3.76
725,Lawrence Roberts,283.0,30.0,101.0,160.0,261.0,94.0,0.452
726,Lazar Hayward,207.0,35.0,25.0,65.0,90.0,70.0,0.899
727,LeBron James,22480.0,5898.0,1004.0,5127.0,6131.0,8131.0,5.680999999999999
728,Leandro Barbosa,8007.0,1422.0,266.0,1179.0,1445.0,3023.0,5.787000000000001
729,Leon Powe,1642.0,85.0,404.0,570.0,974.0,549.0,3.459
730,Lester Hudson,500.0,120.0,30.0,111.0,141.0,178.0,2.911
731,Linas Kleiza,3348.0,306.0,350.0,1004.0,1354.0,1191.0,2.5140000000000002
732,Lindsey Hunter,400.0,172.0,16.0,70.0,86.0,148.0,1.2249999999999999
733,Linton Johnson,286.0,30.0,68.0,139.0,207.0,119.0,2.5909999999999997
734,Loren Woods,6.0,2.0,0.0,1.0,1.0,3.0,0.6
735,Lorenzen Wright,226.0,51.0,108.0,209.0,317.0,104.0,1.6480000000000001
736,Lorenzo Brown,206.0,142.0,22.0,83.0,105.0,86.0,1.048
737,Lou Amundson,1953.0,278.0,827.0,1171.0,1998.0,811.0,7.013000000000001
738,Lou Williams,11390.0,2504.0,306.0,1515.0,1821.0,3605.0,5.439
739,Luc Mbah,4119.0,567.0,996.0,1759.0,2755.0,1596.0,5.036999999999999
740,Lucas Nogueira,324.0,50.0,102.0,198.0,300.0,133.0,1.546
741,Luigi Datome,293.0,29.0,20.0,84.0,104.0,120.0,1.745
742,Luis Montero,14.0,1.0,0.0,4.0,4.0,5.0,0.263
743,Luis Scola,8882.0,1194.0,1335.0,3606.0,4941.0,3669.0,4.8839999999999995
744,Luke Babbitt,1559.0,193.0,105.0,646.0,751.0,559.0,2.7440000000000007
745,Luke Harangody,446.0,66.0,100.0,239.0,339.0,181.0,1.509
746,Luke Jackson,175.0,43.0,11.0,42.0,53.0,64.0,1.406
747,Luke Ridnour,5930.0,2693.0,249.0,1178.0,1427.0,2281.0,4.6579999999999995
748,Luke Schenscher,19.0,1.0,10.0,15.0,25.0,7.0,0.304
749,Luke Walton,1987.0,990.0,312.0,809.0,1121.0,800.0,3.5879999999999996
750,Luke Zeller,19.0,3.0,1.0,9.0,10.0,9.0,0.34600000000000003
751,Luol Deng,12390.0,1924.0,1322.0,3596.0,4918.0,4719.0,5.819000000000001
752,Luther Head,2284.0,590.0,83.0,548.0,631.0,826.0,2.8609999999999998
753,Lynn Greer,167.0,53.0,2.0,25.0,27.0,61.0,0.433
754,Maalik Wayns,154.0,56.0,2.0,14.0,16.0,53.0,1.4969999999999999
755,Maceo Baston,246.0,26.0,52.0,100.0,152.0,91.0,1.868
756,Malachi Richardson,79.0,11.0,3.0,20.0,23.0,28.0,0.41200000000000003
757,Malcolm Brogdon,767.0,317.0,47.0,166.0,213.0,290.0,0.457
758,Malcolm Delaney,391.0,193.0,11.0,113.0,124.0,145.0,0.374
759,Malcolm Lee,140.0,51.0,24.0,41.0,65.0,52.0,0.772
760,Malcolm Thomas,106.0,20.0,37.0,96.0,133.0,42.0,2.694
761,Malik Allen,1202.0,159.0,257.0,471.0,728.0,551.0,3.0509999999999997
762,Malik Beasley,83.0,11.0,5.0,12.0,17.0,33.0,0.452
763,Malik Hairston,149.0,29.0,24.0,53.0,77.0,64.0,1.016
764,Malik Rose,623.0,165.0,112.0,358.0,470.0,230.0,1.755
765,Manny Harris,575.0,129.0,57.0,196.0,253.0,199.0,1.3739999999999999
766,Manu Ginobili,9788.0,2886.0,416.0,2075.0,2491.0,3203.0,4.940999999999999
767,MarShon Brooks,1420.0,257.0,122.0,290.0,412.0,543.0,2.596
768,Marc Gasol,9592.0,2086.0,1184.0,3709.0,4893.0,3604.0,4.504
769,Marc Jackson,408.0,58.0,62.0,130.0,192.0,159.0,0.41
770,Marcelo Huertas,300.0,234.0,20.0,94.0,114.0,122.0,0.79
771,Marcin Gortat,7845.0,769.0,1659.0,4495.0,6154.0,3350.0,6.568
772,Marco Belinelli,6209.0,1080.0,144.0,1177.0,1321.0,2204.0,4.207
773,Marcus Banks,926.0,267.0,23.0,165.0,188.0,337.0,3.415
774,Marcus Camby,4152.0,1330.0,1573.0,4458.0,6031.0,1718.0,4.938000000000001
775,Marcus Cousin,4.0,0.0,0.0,3.0,3.0,2.0,0.667
776,Marcus Georges-Hunt,14.0,3.0,1.0,8.0,9.0,2.0,0.28600000000000003
777,Marcus Haislip,25.0,0.0,4.0,6.0,10.0,10.0,0.47600000000000003
778,Marcus Landry,88.0,0.0,10.0,28.0,38.0,32.0,0.762
779,Marcus Morris,5109.0,709.0,490.0,1554.0,2044.0,1910.0,3.2790000000000004
780,Marcus Smart,1916.0,757.0,215.0,568.0,783.0,628.0,1.074
781,Marcus Thornton,8356.0,1010.0,586.0,1454.0,2040.0,3082.0,6.540000000000001
782,Marcus Vinicius,50.0,7.0,3.0,16.0,19.0,16.0,0.917
783,Marcus Williams,1152.0,580.0,64.0,321.0,385.0,439.0,2.9059999999999997
784,Mardy Collins,993.0,438.0,122.0,321.0,443.0,401.0,2.281
785,Mario Chalmers,5864.0,2445.0,222.0,1363.0,1585.0,1950.0,4.094
786,Mario Hezonja,795.0,171.0,48.0,274.0,322.0,298.0,0.788
787,Mario West,154.0,51.0,60.0,82.0,142.0,56.0,1.841
788,Mark Blount,1670.0,112.0,215.0,594.0,809.0,695.0,1.356
789,Mark Madsen,76.0,18.0,63.0,80.0,143.0,29.0,0.907
790,Markel Brown,579.0,130.0,39.0,190.0,229.0,203.0,0.756
791,Markieff Morris,6103.0,883.0,702.0,2160.0,2862.0,2379.0,3.5029999999999997
792,Marko Jaric,1128.0,530.0,115.0,356.0,471.0,411.0,1.179
793,Marquese Chriss,753.0,60.0,96.0,252.0,348.0,284.0,0.449
794,Marquis Daniels,2663.0,550.0,287.0,679.0,966.0,1103.0,3.069
795,Marquis Teague,313.0,179.0,5.0,119.0,124.0,119.0,1.357
796,Marreese Speights,5848.0,469.0,1072.0,2056.0,3128.0,2303.0,5.0680000000000005
797,Marshall Plumlee,40.0,10.0,23.0,28.0,51.0,16.0,0.5329999999999999
798,Martell Webster,4652.0,554.0,323.0,1358.0,1681.0,1557.0,3.232
799,Marvin Williams,8450.0,1062.0,974.0,3227.0,4201.0,3041.0,4.858
800,Mason Plumlee,3670.0,928.0,815.0,1845.0,2660.0,1414.0,3.363
801,Matt Barnes,7606.0,1751.0,986.0,3280.0,4266.0,2778.0,5.615
802,Matt Bonner,3460.0,448.0,428.0,1374.0,1802.0,1293.0,4.559
803,Matt Carroll,2340.0,286.0,106.0,603.0,709.0,826.0,3.0580000000000003
804,Matt Freije,40.0,7.0,8.0,16.0,24.0,16.0,0.29600000000000004
805,Matt Harpring,1793.0,209.0,260.0,456.0,716.0,670.0,1.452
806,Matthew Dellavedova,1804.0,1085.0,123.0,435.0,558.0,648.0,1.569
807,Maurice Ager,220.0,27.0,12.0,47.0,59.0,85.0,2.137
808,Maurice Evans,4032.0,437.0,536.0,854.0,1390.0,1540.0,4.2509999999999994
809,Maurice Harkless,2646.0,311.0,455.0,871.0,1326.0,1056.0,2.301
810,Maurice Ndour,98.0,8.0,22.0,42.0,64.0,39.0,0.45299999999999996
811,Maurice Taylor,24.0,5.0,10.0,18.0,28.0,8.0,0.28600000000000003
812,Mehmet Okur,4859.0,589.0,579.0,1739.0,2318.0,1724.0,2.579
813,Melvin Ely,552.0,90.0,115.0,275.0,390.0,211.0,2.956
814,Metta World,7001.0,1379.0,681.0,1816.0,2497.0,2522.0,3.8890000000000002
815,Meyers Leonard,1714.0,246.0,230.0,936.0,1166.0,658.0,2.34
816,Michael Beasley,6411.0,640.0,554.0,1833.0,2387.0,2604.0,4.2090000000000005
817,Michael Carter-Williams,4019.0,1719.0,301.0,1270.0,1571.0,1518.0,2.4280000000000004
818,Michael Doleac,257.0,29.0,60.0,144.0,204.0,110.0,0.913
819,Michael Finley,2754.0,422.0,99.0,790.0,889.0,1051.0,2.59
820,Michael Gbinije,4.0,2.0,2.0,1.0,3.0,1.0,0.1
821,Michael Kidd-Gilchrist,2582.0,369.0,517.0,1288.0,1805.0,1000.0,2.4139999999999997
822,Michael Olowokandi,40.0,5.0,14.0,34.0,48.0,19.0,0.413
823,Michael Redd,4424.0,543.0,176.0,575.0,751.0,1513.0,2.5140000000000002
824,Michael Ruffin,114.0,30.0,131.0,128.0,259.0,40.0,1.096
825,Mickael Gelabale,670.0,115.0,107.0,223.0,330.0,263.0,1.419
826,Mickael Pietrus,3643.0,325.0,284.0,1094.0,1378.0,1289.0,3.679
827,Mickell Gladness,112.0,10.0,28.0,88.0,116.0,50.0,1.186
828,Mike Bibby,6122.0,2280.0,168.0,1326.0,1494.0,2203.0,4.182
829,Mike Conley,10050.0,4011.0,300.0,1762.0,2062.0,3628.0,4.41
830,Mike Dunleavy,9040.0,1697.0,472.0,2795.0,3267.0,3182.0,6.556
831,Mike Hall,2.0,1.0,1.0,1.0,2.0,1.0,0.25
832,Mike Harris,212.0,15.0,61.0,79.0,140.0,81.0,2.5450000000000004
833,Mike James,2789.0,1009.0,115.0,544.0,659.0,1025.0,3.8729999999999998
834,Mike Miller,5273.0,1506.0,352.0,2171.0,2523.0,1913.0,4.766
835,Mike Muscala,903.0,161.0,183.0,345.0,528.0,360.0,1.979
836,Mike Scott,1988.0,257.0,209.0,627.0,836.0,765.0,2.1550000000000002
837,Mike Sweetney,153.0,28.0,45.0,75.0,120.0,58.0,0.433
838,Mike Taylor,289.0,106.0,22.0,65.0,87.0,110.0,0.41200000000000003
839,Mike Tobey,2.0,1.0,2.0,1.0,3.0,1.0,0.25
840,Mike Wilks,268.0,111.0,26.0,70.0,96.0,106.0,2.931
841,Mikki Moore,2165.0,305.0,490.0,1014.0,1504.0,881.0,3.91
842,Mile Ilic,0.0,0.0,0.0,1.0,1.0,0.0,0.0
843,Miles Plumlee,1787.0,171.0,604.0,1106.0,1710.0,791.0,4.434
844,Mindaugas Kuzminskas,425.0,69.0,47.0,79.0,126.0,158.0,0.428
845,Miroslav Raduljica,189.0,23.0,56.0,57.0,113.0,71.0,0.915
846,Mirza Teletovic,2565.0,263.0,186.0,833.0,1019.0,902.0,1.9840000000000002
847,Mitch McGary,227.0,17.0,57.0,126.0,183.0,99.0,1.011
848,Mo Williams,10734.0,4004.0,347.0,1785.0,2132.0,3978.0,5.941
849,Monta Ellis,15705.0,4124.0,518.0,2451.0,2969.0,6041.0,5.837
850,Montrezl Harrell,667.0,81.0,106.0,178.0,284.0,283.0,1.296
851,Morris Almond,119.0,12.0,10.0,36.0,46.0,43.0,1.0270000000000001
852,Morris Peterson,1764.0,172.0,98.0,558.0,656.0,628.0,2.0300000000000002
853,Mouhamed Sene,123.0,1.0,33.0,56.0,89.0,41.0,2.706
854,Mustafa Shakur,52.0,29.0,7.0,15.0,22.0,21.0,0.35600000000000004
855,Mychel Thompson,18.0,7.0,0.0,5.0,5.0,7.0,0.292
856,Myles Turner,1792.0,147.0,207.0,712.0,919.0,708.0,1.009
857,Nando De,630.0,268.0,51.0,233.0,284.0,233.0,1.673
858,Nate Robinson,7343.0,2050.0,389.0,1140.0,1529.0,2681.0,5.9639999999999995
859,Nate Wolters,501.0,229.0,49.0,168.0,217.0,210.0,1.483
860,Nathan Jawai,126.0,24.0,50.0,56.0,106.0,50.0,0.6910000000000001
861,Nazr Mohammed,3693.0,298.0,1116.0,1802.0,2918.0,1575.0,6.894
862,Nemanja Bjelica,711.0,162.0,106.0,348.0,454.0,261.0,0.8919999999999999
863,Nemanja Nedovic,26.0,13.0,3.0,12.0,15.0,8.0,0.205
864,Nenad Krstic,2958.0,208.0,553.0,1129.0,1682.0,1227.0,3.4529999999999994
865,Nene Hilario,8678.0,1327.0,1197.0,3303.0,4500.0,3341.0,7.092
866,Nerlens Noel,2381.0,350.0,525.0,1216.0,1741.0,976.0,2.7640000000000002
867,Nick Calathes,590.0,353.0,42.0,201.0,243.0,246.0,0.8780000000000001
868,Nick Collison,4372.0,829.0,1460.0,2476.0,3936.0,1802.0,5.959999999999999
869,Nick Fazekas,214.0,22.0,68.0,110.0,178.0,92.0,1.532
870,Nick Johnson,74.0,11.0,13.0,26.0,39.0,26.0,0.34700000000000003
871,Nick Young,8483.0,705.0,271.0,1162.0,1433.0,3006.0,4.927999999999999
872,Nicolas Batum,7600.0,2304.0,682.0,2659.0,3341.0,2694.0,3.988
873,Nicolas Brussino,150.0,47.0,26.0,69.0,95.0,52.0,0.369
874,Nicolas Laprovittola,59.0,28.0,1.0,9.0,10.0,20.0,0.426
875,Nik Stauskas,1692.0,393.0,55.0,442.0,497.0,569.0,1.146
876,Nikola Jokic,2017.0,548.0,393.0,885.0,1278.0,801.0,1.0899999999999999
877,Nikola Mirotic,2354.0,272.0,182.0,968.0,1150.0,759.0,1.225
878,Nikola Pekovic,3405.0,199.0,803.0,1004.0,1807.0,1314.0,2.9459999999999997
879,Nikola Vucevic,5807.0,812.0,1134.0,2820.0,3954.0,2592.0,2.9770000000000003
880,Noah Vonleh,693.0,65.0,250.0,528.0,778.0,277.0,1.2970000000000002
881,Nolan Smith,277.0,97.0,24.0,59.0,83.0,109.0,0.74
882,Norman Powell,909.0,129.0,42.0,237.0,279.0,324.0,0.873
883,Norris Cole,3079.0,1236.0,92.0,769.0,861.0,1235.0,3.183
884,O.J. Mayo,7574.0,1607.0,285.0,1421.0,1706.0,2808.0,3.36
885,Ognjen Kuzmic,35.0,8.0,17.0,21.0,38.0,13.0,1.052
886,Okaro White,98.0,21.0,25.0,57.0,82.0,33.0,0.379
887,Oleksiy Pecherov,438.0,20.0,88.0,178.0,266.0,160.0,1.148
888,Oliver Lafayette,7.0,2.0,1.0,3.0,4.0,3.0,0.5
889,Omer Asik,2457.0,277.0,1027.0,2288.0,3315.0,938.0,3.659
890,Omri Casspi,4302.0,622.0,453.0,1699.0,2152.0,1589.0,5.01
891,Orien Greene,72.0,26.0,12.0,38.0,50.0,27.0,1.1440000000000001
892,Orlando Johnson,455.0,91.0,46.0,204.0,250.0,162.0,2.033
893,Othella Harrington,113.0,10.0,24.0,56.0,80.0,43.0,0.875
894,Othello Hunter,33.0,1.0,15.0,21.0,36.0,15.0,0.883
895,Othyus Jeffers,241.0,43.0,60.0,111.0,171.0,80.0,2.8080000000000003
896,Otto Porter,2469.0,316.0,306.0,878.0,1184.0,962.0,1.802
897,P.J. Brown,475.0,58.0,158.0,257.0,415.0,184.0,0.748
898,P.J. Hairston,1074.0,97.0,72.0,368.0,440.0,377.0,1.3849999999999998
899,P.J. Tucker,3741.0,750.0,817.0,2043.0,2860.0,1384.0,3.487
900,Pablo Prigioni,1220.0,936.0,175.0,449.0,624.0,425.0,2.454
901,Pape Sow,10.0,2.0,6.0,5.0,11.0,3.0,0.33299999999999996
902,Pape Sy,7.0,2.0,2.0,1.0,3.0,2.0,0.33299999999999996
903,Pascal Siakam,229.0,17.0,64.0,121.0,185.0,103.0,0.502
904,Pat Burke,60.0,5.0,12.0,35.0,47.0,23.0,0.354
905,Pat Connaughton,134.0,38.0,21.0,63.0,84.0,50.0,0.779
906,Pat Garrity,137.0,27.0,21.0,65.0,86.0,49.0,0.6519999999999999
907,Patricio Garino,0.0,0.0,1.0,6.0,7.0,0.0,0.0
908,Patrick Beverley,2708.0,980.0,352.0,834.0,1186.0,968.0,2.069
909,Patrick Christopher,6.0,0.0,2.0,4.0,6.0,3.0,0.25
910,Patrick Ewing,3.0,2.0,1.0,1.0,2.0,0.0,0.0
911,Patrick McCaw,282.0,77.0,22.0,79.0,101.0,106.0,0.433
912,Patrick O'Bryant,287.0,36.0,45.0,148.0,193.0,124.0,2.997
913,Patrick Patterson,5038.0,737.0,924.0,1986.0,2910.0,2060.0,5.1339999999999995
914,Patty Mills,3464.0,957.0,139.0,536.0,675.0,1291.0,3.492
915,Pau Gasol,14245.0,2690.0,2132.0,5797.0,7929.0,5543.0,6.7059999999999995
916,Paul Davis,217.0,32.0,74.0,84.0,158.0,88.0,1.7
917,Paul George,8090.0,1419.0,386.0,2430.0,2816.0,2775.0,2.982
918,Paul Millsap,11890.0,1922.0,1910.0,4344.0,6254.0,4484.0,5.466
919,Paul Pierce,12195.0,2376.0,387.0,3178.0,3565.0,3994.0,4.869
920,Paul Zipser,240.0,36.0,15.0,110.0,125.0,88.0,0.39799999999999996
921,Peja Stojakovic,3650.0,332.0,186.0,840.0,1026.0,1299.0,3.6599999999999997
922,Pero Antic,708.0,107.0,115.0,283.0,398.0,231.0,0.7829999999999999
923,Perry Jones,488.0,54.0,46.0,206.0,252.0,195.0,1.25
924,Peyton Siva,54.0,34.0,2.0,12.0,14.0,18.0,0.316
925,Phil Pressey,544.0,508.0,39.0,208.0,247.0,202.0,1.834
926,Pierre Jackson,35.0,19.0,1.0,8.0,9.0,13.0,0.33299999999999996
927,Pops Mensah-Bonsu,331.0,20.0,154.0,174.0,328.0,116.0,3.4850000000000003
928,Primoz Brezec,550.0,47.0,164.0,232.0,396.0,228.0,3.562
929,Quentin Richardson,3043.0,511.0,315.0,1356.0,1671.0,1093.0,2.4090000000000003
930,Quincy Acy,1607.0,198.0,358.0,870.0,1228.0,585.0,4.075
931,Quincy Douby,703.0,118.0,40.0,144.0,184.0,264.0,2.043
932,Quincy Miller,324.0,45.0,45.0,144.0,189.0,116.0,1.409
933,Quincy Pondexter,2004.0,324.0,237.0,525.0,762.0,716.0,2.904
934,Quinn Cook,158.0,52.0,2.0,12.0,14.0,66.0,1.4769999999999999
935,Quinton Ross,1241.0,255.0,187.0,429.0,616.0,513.0,2.761
936,R.J. Hunter,97.0,13.0,2.0,36.0,38.0,36.0,0.36700000000000005
937,Raef LaFrentz,165.0,14.0,53.0,84.0,137.0,66.0,0.825
938,Rafael Araujo,72.0,10.0,22.0,44.0,66.0,27.0,0.415
939,Rafer Alston,4711.0,2000.0,149.0,1105.0,1254.0,1689.0,2.983
940,Raja Bell,4530.0,830.0,224.0,1058.0,1282.0,1653.0,4.596
941,Rajon Rondo,8214.0,6613.0,862.0,2994.0,3856.0,3455.0,5.862
942,Rakeem Christmas,63.0,4.0,27.0,30.0,57.0,21.0,1.442
943,Ramon Sessions,9149.0,3606.0,427.0,1936.0,2363.0,3061.0,6.797000000000001
944,Randolph Morris,140.0,7.0,27.0,77.0,104.0,52.0,1.5020000000000002
945,Randy Foye,8203.0,2273.0,269.0,1573.0,1842.0,2873.0,5.061999999999999
946,Randy Livingston,0.0,4.0,1.0,0.0,1.0,0.0,0.0
947,Rashad McCants,2406.0,336.0,106.0,367.0,473.0,874.0,2.0
948,Rashad Vaughn,359.0,62.0,15.0,122.0,137.0,138.0,0.6699999999999999
949,Rashard Lewis,7338.0,951.0,561.0,1963.0,2524.0,2597.0,4.302
950,Rasheed Wallace,3556.0,441.0,283.0,1669.0,1952.0,1356.0,2.0700000000000003
951,Rasho Nesterovic,1682.0,290.0,375.0,656.0,1031.0,792.0,2.153
952,Rasual Butler,4365.0,467.0,208.0,1173.0,1381.0,1626.0,4.4559999999999995
953,Raul Neto,576.0,208.0,21.0,129.0,150.0,221.0,0.882
954,Rawle Marshall,99.0,13.0,8.0,21.0,29.0,32.0,0.36
955,Ray Allen,9005.0,1487.0,371.0,1513.0,1884.0,3145.0,3.6799999999999997
956,Ray McCallum,1057.0,428.0,86.0,267.0,353.0,429.0,1.9489999999999998
957,Raymond Felton,10362.0,5020.0,494.0,2186.0,2680.0,3908.0,5.413999999999999
958,Reggie Bullock,516.0,84.0,40.0,246.0,286.0,188.0,2.048
959,Reggie Evans,2310.0,316.0,1351.0,2657.0,4008.0,783.0,5.092
960,Reggie Jackson,6036.0,2210.0,269.0,1283.0,1552.0,2291.0,3.374
961,Reggie Williams,1598.0,301.0,105.0,388.0,493.0,599.0,3.101
962,Renaldo Balkman,910.0,134.0,280.0,496.0,776.0,374.0,3.653
963,Renaldo Major,5.0,0.0,0.0,2.0,2.0,2.0,0.2
964,Richard Hamilton,6378.0,1457.0,284.0,837.0,1121.0,2437.0,3.118
965,Richard Jefferson,9699.0,1399.0,453.0,2423.0,2876.0,3327.0,5.806
966,Richaun Holmes,846.0,91.0,156.0,290.0,446.0,344.0,1.072
967,Richie Frahm,47.0,8.0,4.0,10.0,14.0,20.0,0.37
968,Ricky Davis,2894.0,782.0,128.0,657.0,785.0,1071.0,1.671
969,Ricky Ledo,199.0,40.0,32.0,42.0,74.0,70.0,1.042
970,Ricky Rubio,3653.0,2991.0,253.0,1245.0,1498.0,1137.0,2.2300000000000004
971,Rob Kurz,157.0,20.0,33.0,48.0,81.0,51.0,0.389
972,Robbie Hummel,379.0,50.0,66.0,200.0,266.0,146.0,0.838
973,Robert Covington,2681.0,304.0,224.0,952.0,1176.0,871.0,1.609
974,Robert Hite,51.0,8.0,4.0,12.0,16.0,19.0,0.317
975,Robert Horry,380.0,124.0,108.0,230.0,338.0,128.0,0.6779999999999999
976,Robert Sacre,787.0,126.0,212.0,381.0,593.0,318.0,1.6770000000000003
977,Robert Swift,100.0,10.0,27.0,80.0,107.0,43.0,0.874
978,Robin Lopez,5483.0,429.0,1581.0,1887.0,3468.0,2257.0,4.72
979,Rodney Carney,1905.0,143.0,177.0,459.0,636.0,721.0,2.856
980,Rodney Hood,2330.0,392.0,63.0,523.0,586.0,835.0,1.242
981,Rodney McGruder,497.0,124.0,95.0,162.0,257.0,190.0,0.413
982,Rodney Stuckey,8185.0,2333.0,419.0,1493.0,1912.0,2904.0,4.181
983,Rodrigue Beaubois,1286.0,374.0,47.0,291.0,338.0,502.0,1.731
984,Roger Mason,3163.0,639.0,75.0,779.0,854.0,1153.0,3.13
985,Roger Powell,2.0,0.0,3.0,0.0,3.0,0.0,0.0
986,Roko Ukic,341.0,165.0,27.0,51.0,78.0,137.0,0.847
987,Ron Baker,215.0,107.0,12.0,86.0,98.0,82.0,0.37799999999999995
988,Ronald Dupree,35.0,8.0,7.0,29.0,36.0,14.0,1.271
989,Ronald Murray,3723.0,903.0,150.0,663.0,813.0,1376.0,3.284
990,Rondae Hollis-Jefferson,842.0,197.0,135.0,471.0,606.0,298.0,0.891
991,Ronnie Brewer,4637.0,1042.0,540.0,1228.0,1768.0,1836.0,5.095
992,Ronnie Price,1955.0,949.0,171.0,472.0,643.0,717.0,3.8589999999999995
993,Ronny Turiaf,2215.0,620.0,529.0,1261.0,1790.0,860.0,5.956999999999999
994,Roy Hibbert,6832.0,906.0,1581.0,2748.0,4329.0,2702.0,5.452999999999999
995,Royal Ivey,1254.0,351.0,103.0,308.0,411.0,456.0,3.598
996,Royce White,0.0,0.0,0.0,0.0,0.0,0.0,0.0
997,Ruben Patterson,1296.0,249.0,214.0,290.0,504.0,514.0,1.001
998,Rudy Fernandez,2254.0,554.0,128.0,480.0,608.0,740.0,1.613
999,Rudy Gay,16683.0,2120.0,1329.0,4021.0,5350.0,6303.0,6.675
1000,Rudy Gobert,2484.0,304.0,838.0,1795.0,2633.0,905.0,2.311
1001,Russ Smith,83.0,27.0,3.0,18.0,21.0,23.0,1.238
1002,Russell Westbrook,15156.0,5293.0,1110.0,3039.0,4149.0,5239.0,3.8949999999999996
1003,Ryan Anderson,7316.0,505.0,1135.0,1886.0,3021.0,2525.0,3.8030000000000004
1004,Ryan Bowen,165.0,34.0,66.0,60.0,126.0,72.0,2.069
1005,Ryan Gomes,4465.0,654.0,515.0,1426.0,1941.0,1718.0,2.9130000000000003
1006,Ryan Hollins,2311.0,177.0,584.0,833.0,1417.0,832.0,9.303999999999998
1007,Ryan Kelly,981.0,215.0,77.0,427.0,504.0,324.0,1.415
1008,Ryan Reid,8.0,0.0,1.0,1.0,2.0,4.0,0.8
1009,Salah Mejri,338.0,24.0,138.0,293.0,431.0,137.0,1.27
1010,Salim Stoudamire,671.0,89.0,10.0,88.0,98.0,242.0,0.777
1011,Sam Cassell,1946.0,698.0,61.0,378.0,439.0,727.0,1.696
1012,Sam Dekker,504.0,76.0,94.0,191.0,285.0,203.0,0.473
1013,Sam Young,1550.0,195.0,183.0,452.0,635.0,605.0,2.35
1014,Samardo Samuels,638.0,45.0,148.0,218.0,366.0,237.0,1.278
1015,Samuel Dalembert,5037.0,379.0,1724.0,3441.0,5165.0,2072.0,4.623999999999999
1016,Sarunas Jasikevicius,772.0,344.0,30.0,108.0,138.0,256.0,1.1760000000000002
1017,Sasha Kaun,23.0,3.0,12.0,14.0,26.0,9.0,0.529
1018,Sasha Pavlovic,1926.0,399.0,114.0,608.0,722.0,743.0,3.8200000000000003
1019,Sasha Vujacic,3328.0,690.0,189.0,869.0,1058.0,1173.0,3.8810000000000002
1020,Scot Pollard,63.0,6.0,29.0,39.0,68.0,23.0,0.9450000000000001
1021,Scott Machado,8.0,6.0,0.0,1.0,1.0,3.0,0.5
1022,Scott Padgett,92.0,16.0,32.0,76.0,108.0,32.0,0.7350000000000001
1023,Scotty Hopson,1.0,1.0,0.0,0.0,0.0,0.0,0.0
1024,Sean Kilpatrick,1631.0,219.0,47.0,351.0,398.0,558.0,2.064
1025,Sean Marks,312.0,24.0,101.0,188.0,289.0,128.0,2.285
1026,Sean May,632.0,93.0,113.0,259.0,372.0,254.0,1.3569999999999998
1027,Sean Singletary,180.0,58.0,20.0,50.0,70.0,62.0,1.085
1028,Sean Williams,621.0,52.0,196.0,301.0,497.0,243.0,3.1029999999999998
1029,Sebastian Telfair,3619.0,1768.0,140.0,663.0,803.0,1340.0,4.644
1030,Semaj Christon,183.0,130.0,19.0,69.0,88.0,77.0,0.345
1031,Semih Erden,425.0,49.0,94.0,214.0,308.0,163.0,1.9700000000000002
1032,Serge Ibaka,8400.0,459.0,1525.0,3426.0,4951.0,3500.0,5.112
1033,Sergey Karasev,287.0,87.0,30.0,110.0,140.0,96.0,1.151
1034,Sergio Rodriguez,2181.0,1395.0,145.0,469.0,614.0,843.0,2.989
1035,Seth Curry,1203.0,256.0,34.0,208.0,242.0,442.0,1.602
1036,Shabazz Muhammad,2290.0,137.0,271.0,423.0,694.0,856.0,1.8960000000000001
1037,Shabazz Napier,682.0,294.0,34.0,195.0,229.0,228.0,1.119
1038,Shammond Williams,94.0,31.0,11.0,29.0,40.0,35.0,0.40700000000000003
1039,Shane Battier,4872.0,1218.0,631.0,1916.0,2547.0,1708.0,4.203
1040,Shane Edwards,2.0,0.0,1.0,1.0,2.0,1.0,0.33299999999999996
1041,Shane Larkin,1168.0,639.0,68.0,330.0,398.0,461.0,1.255
1042,Shannon Brown,3497.0,522.0,201.0,651.0,852.0,1344.0,5.8790000000000004
1043,Shaquille O'Neal*,4664.0,497.0,757.0,1814.0,2571.0,1853.0,4.218
1044,Shareef Abdur-Rahim,803.0,113.0,128.0,280.0,408.0,313.0,0.688
1045,Shaun Livingston,4743.0,2170.0,404.0,1329.0,1733.0,1931.0,7.6099999999999985
1046,Shavlik Randolph,247.0,22.0,119.0,163.0,282.0,100.0,4.2589999999999995
1047,Shawn Long,148.0,13.0,41.0,44.0,85.0,61.0,0.56
1048,Shawn Marion,9575.0,1375.0,1617.0,4349.0,5966.0,4057.0,6.388
1049,Shawne Williams,2110.0,264.0,283.0,828.0,1111.0,771.0,3.419
1050,Shayne Whittington,68.0,9.0,15.0,26.0,41.0,24.0,0.907
1051,Shelden Williams,2323.0,226.0,739.0,1454.0,2193.0,855.0,5.544
1052,Sheldon McClellan,90.0,15.0,4.0,30.0,34.0,30.0,0.4
1053,Shelvin Mack,2685.0,1221.0,93.0,702.0,795.0,1064.0,4.816
1054,Sherron Collins,17.0,8.0,0.0,5.0,5.0,7.0,0.28
1055,Sim Bhullar,2.0,1.0,0.0,1.0,1.0,1.0,0.5
1056,Skal Labissiere,289.0,27.0,51.0,111.0,162.0,117.0,0.537
1057,Smush Parker,1237.0,396.0,53.0,255.0,308.0,470.0,1.461
1058,Solomon Alabi,39.0,5.0,22.0,39.0,61.0,16.0,0.5609999999999999
1059,Solomon Hill,1585.0,394.0,169.0,659.0,828.0,544.0,1.6520000000000001
1060,Solomon Jones,906.0,108.0,289.0,423.0,712.0,325.0,3.665
1061,Sonny Weems,1296.0,306.0,95.0,360.0,455.0,556.0,2.3869999999999996
1062,Speedy Claxton,226.0,188.0,12.0,69.0,81.0,93.0,0.613
1063,Spencer Dinwiddie,635.0,311.0,35.0,194.0,229.0,204.0,1.098
1064,Spencer Hawes,7322.0,1592.0,1160.0,3584.0,4744.0,2988.0,6.453
1065,Stanislav Medvedenko,42.0,2.0,4.0,10.0,14.0,12.0,0.414
1066,Stanley Johnson,932.0,223.0,94.0,401.0,495.0,354.0,0.728
1067,Stephane Lasme,166.0,6.0,52.0,54.0,106.0,64.0,0.902
1068,Stephen Curry,13088.0,3916.0,405.0,2097.0,2502.0,4589.0,3.813
1069,Stephen Graham,908.0,110.0,72.0,325.0,397.0,357.0,2.3259999999999996
1070,Stephen Jackson,10863.0,2417.0,536.0,2126.0,2662.0,3801.0,5.535000000000001
1071,Stephen Zimmerman,23.0,4.0,11.0,24.0,35.0,10.0,0.32299999999999995
1072,Stephon Marbury,1631.0,591.0,55.0,245.0,300.0,544.0,1.176
1073,Steve Blake,5959.0,3957.0,243.0,1754.0,1997.0,2196.0,6.3389999999999995
1074,Steve Francis,552.0,200.0,41.0,139.0,180.0,159.0,0.7409999999999999
1075,Steve Nash,7892.0,5329.0,207.0,1452.0,1659.0,2895.0,3.95
1076,Steve Novak,2368.0,146.0,74.0,572.0,646.0,816.0,7.2219999999999995
1077,Steven Adams,2343.0,257.0,842.0,1161.0,2003.0,945.0,2.2310000000000003
1078,Steven Hill,2.0,0.0,2.0,1.0,3.0,1.0,1.0
1079,Steven Hunter,542.0,26.0,142.0,264.0,406.0,220.0,1.508
1080,Steven Smith,5.0,0.0,1.0,5.0,6.0,2.0,0.25
1081,Stromile Swift,1229.0,75.0,245.0,495.0,740.0,479.0,3.3710000000000004
1082,Sun Yue,6.0,2.0,0.0,0.0,0.0,3.0,0.273
1083,Sundiata Gaines,619.0,249.0,59.0,154.0,213.0,224.0,2.403
1084,T.J. Ford,3528.0,1666.0,196.0,647.0,843.0,1348.0,2.6300000000000003
1085,T.J. McConnell,1049.0,901.0,82.0,419.0,501.0,454.0,0.931
1086,T.J. Warren,1711.0,144.0,223.0,348.0,571.0,737.0,1.524
1087,Taj Gibson,6333.0,650.0,1532.0,2644.0,4176.0,2635.0,4.98
1088,Tarence Kinsey,511.0,53.0,42.0,105.0,147.0,186.0,1.3270000000000002
1089,Tarik Black,1274.0,139.0,471.0,764.0,1235.0,521.0,2.7640000000000002
1090,Taurean Green,54.0,22.0,0.0,20.0,20.0,14.0,0.863
1091,Taurean Waller-Prince,335.0,55.0,25.0,132.0,157.0,114.0,0.4
1092,Taylor Griffin,10.0,1.0,0.0,2.0,2.0,4.0,0.4
1093,Tayshaun Prince,9218.0,2047.0,914.0,2776.0,3690.0,3804.0,6.7410000000000005
1094,Terrel Harris,110.0,44.0,26.0,77.0,103.0,37.0,0.852
1095,Terrence Jones,3013.0,295.0,460.0,1176.0,1636.0,1215.0,2.9219999999999997
1096,Terrence Ross,4589.0,450.0,167.0,1054.0,1221.0,1735.0,2.98
1097,Terrence Williams,1404.0,467.0,84.0,614.0,698.0,565.0,3.241
1098,Terry Rozier,482.0,168.0,64.0,226.0,290.0,180.0,0.641
1099,Thabo Sefolosha,4789.0,1222.0,622.0,2495.0,3117.0,1842.0,5.734
1100,Thaddeus Young,11136.0,1307.0,1588.0,3188.0,4776.0,4777.0,5.99
1101,Thanasis Antetokounmpo,6.0,0.0,0.0,1.0,1.0,3.0,0.75
1102,Theo Ratliff,674.0,90.0,236.0,404.0,640.0,258.0,3.8449999999999998
1103,Thomas Gardner,45.0,3.0,3.0,8.0,11.0,18.0,0.641
1104,Thomas Robinson,2169.0,269.0,759.0,1366.0,2125.0,904.0,4.235
1105,Thon Maker,226.0,23.0,40.0,74.0,114.0,83.0,0.45899999999999996
1106,Tiago Splitter,2816.0,423.0,576.0,1203.0,1779.0,1073.0,3.763
1107,Tibor Pleiss,24.0,2.0,6.0,9.0,15.0,11.0,0.44
1108,Tim Duncan,11807.0,2133.0,1718.0,5353.0,7071.0,4670.0,5.0489999999999995
1109,Tim Frazier,1100.0,779.0,98.0,351.0,449.0,397.0,2.695
1110,Tim Hardaway,3097.0,426.0,73.0,514.0,587.0,1102.0,1.702
1111,Tim Ohlbrecht,3.0,1.0,0.0,1.0,1.0,1.0,0.33299999999999996
1112,Tim Quarterman,31.0,11.0,4.0,10.0,14.0,13.0,0.44799999999999995
1113,Tim Thomas,2841.0,492.0,222.0,922.0,1144.0,1017.0,2.96
1114,Timofey Mozgov,3889.0,309.0,986.0,1853.0,2839.0,1555.0,5.7459999999999996
1115,Timothe Luwawu-Cabarrot,445.0,75.0,25.0,124.0,149.0,145.0,0.402
1116,Tobias Harris,7024.0,846.0,592.0,2373.0,2965.0,2664.0,4.657
1117,Tomas Satoransky,154.0,92.0,25.0,58.0,83.0,61.0,0.418
1118,Toney Douglas,3745.0,1108.0,265.0,835.0,1100.0,1354.0,4.728
1119,Tony Allen,5690.0,937.0,884.0,1621.0,2505.0,2231.0,5.272
1120,Tony Battie,954.0,97.0,213.0,598.0,811.0,412.0,2.17
1121,Tony Mitchell,28.0,3.0,16.0,11.0,27.0,8.0,1.017
1122,Tony Parker,12608.0,4506.0,226.0,1783.0,2009.0,5049.0,5.472
1123,Tony Snell,1802.0,289.0,91.0,656.0,747.0,660.0,1.6400000000000001
1124,Tony Wroten,1604.0,437.0,106.0,257.0,363.0,575.0,1.552
1125,Tornike Shengelia,88.0,31.0,17.0,38.0,55.0,36.0,1.857
1126,Toure' Murry,152.0,51.0,15.0,31.0,46.0,60.0,1.334
1127,Tracy McGrady,5056.0,1580.0,234.0,1230.0,1464.0,1884.0,3.261
1128,Travis Diener,772.0,424.0,35.0,190.0,225.0,271.0,1.825
1129,Travis Leslie,14.0,5.0,6.0,3.0,9.0,5.0,0.35700000000000004
1130,Travis Outlaw,4855.0,478.0,423.0,1358.0,1781.0,1806.0,4.021999999999999
1131,Travis Wear,199.0,40.0,31.0,75.0,106.0,84.0,0.402
1132,Trenton Hassell,1184.0,386.0,229.0,478.0,707.0,507.0,2.6
1133,Treveon Graham,57.0,6.0,5.0,17.0,22.0,19.0,0.475
1134,Trevor Ariza,8607.0,1747.0,790.0,3078.0,3868.0,3103.0,5.791000000000001
1135,Trevor Booker,3251.0,484.0,911.0,1702.0,2613.0,1371.0,3.615
1136,Trey Burke,2832.0,972.0,93.0,478.0,571.0,1089.0,1.616
1137,Trey Gilder,2.0,0.0,0.0,1.0,1.0,1.0,1.0
1138,Trey Johnson,93.0,26.0,7.0,20.0,27.0,32.0,1.935
1139,Trey Lyles,928.0,129.0,107.0,427.0,534.0,350.0,0.8
1140,Trey Thompkins,57.0,3.0,4.0,20.0,24.0,24.0,0.39299999999999996
1141,Tristan Thompson,4378.0,385.0,1591.0,2436.0,4027.0,1723.0,3.1390000000000002
1142,Troy Daniels,1187.0,116.0,44.0,183.0,227.0,411.0,2.8030000000000004
1143,Troy Hudson,230.0,82.0,8.0,47.0,55.0,83.0,0.669
1144,Troy Murphy,4874.0,843.0,674.0,2761.0,3435.0,1778.0,4.713
1145,Troy Williams,370.0,50.0,30.0,108.0,138.0,146.0,1.352
1146,Ty Lawson,7350.0,3554.0,377.0,1249.0,1626.0,2635.0,4.486
1147,Tyler Ennis,904.0,413.0,47.0,190.0,237.0,368.0,2.8640000000000003
1148,Tyler Hansbrough,2881.0,181.0,745.0,1063.0,1808.0,947.0,3.108
1149,Tyler Honeycutt,28.0,9.0,6.0,18.0,24.0,11.0,0.606
1150,Tyler Johnson,1506.0,354.0,92.0,391.0,483.0,545.0,1.338
1151,Tyler Ulis,444.0,226.0,20.0,75.0,95.0,184.0,0.42100000000000004
1152,Tyler Zeller,2384.0,316.0,513.0,974.0,1487.0,957.0,2.495
1153,Tyreke Evans,8042.0,2541.0,436.0,1955.0,2391.0,3037.0,4.333
1154,Tyronn Lue,1582.0,469.0,49.0,255.0,304.0,586.0,3.063
1155,Tyrus Thomas,3601.0,403.0,631.0,1642.0,2273.0,1341.0,4.9270000000000005
1156,Tyshawn Taylor,174.0,57.0,5.0,28.0,33.0,63.0,0.7090000000000001
1157,Tyson Chandler,6605.0,572.0,2388.0,4672.0,7060.0,2520.0,6.87
1158,Tyus Jones,365.0,264.0,17.0,97.0,114.0,131.0,0.7729999999999999
1159,Udonis Haslem,4301.0,467.0,1005.0,2863.0,3868.0,1774.0,5.2299999999999995
1160,Uros Slokar,38.0,1.0,7.0,7.0,14.0,14.0,0.5379999999999999
1161,Vander Blue,27.0,9.0,2.0,10.0,12.0,11.0,0.8
1162,Vassilis Spanoulis,85.0,28.0,5.0,17.0,22.0,23.0,0.319
1163,Vernon Macklin,46.0,5.0,14.0,20.0,34.0,19.0,0.5429999999999999
1164,Viacheslav Kravtsov,97.0,10.0,33.0,29.0,62.0,41.0,1.25
1165,Victor Claver,258.0,56.0,43.0,135.0,178.0,100.0,1.247
1166,Victor Oladipo,4618.0,1080.0,181.0,1086.0,1267.0,1702.0,1.7349999999999999
1167,Viktor Khryapa,105.0,29.0,26.0,51.0,77.0,39.0,0.773
1168,Vince Carter,12677.0,2499.0,692.0,2835.0,3527.0,4499.0,5.4719999999999995
1169,Vitaly Potapenko,0.0,0.0,0.0,2.0,2.0,0.0,0.0
1170,Vitor Faverani,164.0,16.0,42.0,86.0,128.0,64.0,0.435
1171,Vladimir Radmanovic,3123.0,582.0,409.0,1169.0,1578.0,1154.0,4.3469999999999995
1172,Von Wafer,1080.0,149.0,34.0,211.0,245.0,401.0,2.1660000000000004
1173,Wade Baldwin,106.0,61.0,11.0,35.0,46.0,36.0,0.313
1174,Walker Russell,84.0,58.0,7.0,19.0,26.0,33.0,0.34700000000000003
1175,Wally Szczerbiak,2718.0,345.0,127.0,637.0,764.0,962.0,2.115
1176,Walter Herrmann,972.0,84.0,100.0,292.0,392.0,368.0,2.089
1177,Walter Sharpe,8.0,0.0,0.0,3.0,3.0,4.0,0.364
1178,Walter Tavares,25.0,3.0,7.0,14.0,21.0,11.0,0.579
1179,Wayne Ellington,4483.0,664.0,200.0,1058.0,1258.0,1682.0,4.158
1180,Wayne Selden,142.0,26.0,2.0,30.0,32.0,50.0,1.456
1181,Wayne Simien,23.0,4.0,5.0,6.0,11.0,9.0,0.391
1182,Wesley Johnson,3704.0,561.0,296.0,1340.0,1636.0,1434.0,2.8099999999999996
1183,Wesley Matthews,8257.0,1272.0,323.0,1549.0,1872.0,2825.0,3.4499999999999993
1184,Will Barton,3253.0,662.0,221.0,1056.0,1277.0,1203.0,2.922
1185,Will Blalock,25.0,17.0,6.0,9.0,15.0,9.0,0.3
1186,Will Bynum,2867.0,1166.0,122.0,427.0,549.0,1096.0,2.949
1187,Will Cherry,15.0,8.0,1.0,4.0,5.0,5.0,0.263
1188,Will Conroy,7.0,25.0,7.0,11.0,18.0,3.0,0.3
1189,Will Solomon,526.0,266.0,24.0,104.0,128.0,210.0,1.271
1190,Willie Cauley-Stein,1074.0,117.0,219.0,473.0,692.0,446.0,1.093
1191,Willie Green,5188.0,860.0,203.0,887.0,1090.0,2091.0,3.876
1192,Willie Reed,556.0,36.0,178.0,276.0,454.0,238.0,1.139
1193,Willie Warren,37.0,27.0,1.0,11.0,12.0,13.0,0.371
1194,Willy Hernangomez,587.0,96.0,170.0,332.0,502.0,246.0,0.529
1195,Wilson Chandler,8315.0,1045.0,680.0,2543.0,3223.0,3230.0,4.839
1196,Xavier Henry,1050.0,120.0,81.0,270.0,351.0,368.0,1.8590000000000002
1197,Xavier Munford,80.0,22.0,3.0,28.0,31.0,32.0,0.41600000000000004
1198,Xavier Silas,11.0,3.0,2.0,2.0,4.0,4.0,0.267
1199,Yakhouba Diawara,655.0,122.0,77.0,181.0,258.0,233.0,1.3019999999999998
1200,Yao Ming*,3976.0,364.0,484.0,1350.0,1834.0,1439.0,2.0570000000000004
1201,Yaroslav Korolev,12.0,4.0,1.0,2.0,3.0,4.0,0.25
1202,Yi Jianlian,2148.0,192.0,379.0,960.0,1339.0,813.0,2.002
1203,Yogi Ferrell,924.0,344.0,40.0,182.0,222.0,320.0,1.185
1204,Zabian Dowdell,121.0,51.0,5.0,15.0,20.0,51.0,0.408
1205,Zach LaVine,2817.0,666.0,72.0,529.0,601.0,1045.0,1.3330000000000002
1206,Zach Randolph,14168.0,1578.0,2592.0,5426.0,8018.0,5647.0,6.113999999999999
1207,Zaza Pachulia,5211.0,1031.0,1710.0,2854.0,4564.0,1839.0,5.21
1208,Zoran Dragic,56.0,10.0,10.0,6.0,16.0,22.0,1.026
1209,Zydrunas Ilgauskas,3626.0,365.0,884.0,1519.0,2403.0,1500.0,2.382
